Slope,Altitude,eventID,occurrenceID,basisOfRecord,Kingdom,Class,Order,scientificName,Commonname,taxonRank,individualCount,organismQuantity,BMWP
South,High,S1B,S1B_6,Humanobservation,Animalia,Aves,Passeriformes,Aegithalos caudatus,Long tailed tit,Species,1,1,
North,Medium,N2B,N2B_5,Humanobservation,Animalia,Aves,Passeriformes,Alauda arvensis,Skylark,Species,2,2,
North,High,NB_I,NB_I_1,Humanobservation,Animalia,Aves,Passeriformes,Alauda arvensis,Skylark,Species,1,1,
North,High,N1B,N1B_1,Humanobservation,Animalia,Aves,Passeriformes,Anthus pratensis,Meadow pipit,Species,6,6,
South,Low,S3B,S3B_2,Humanobservation,Animalia,Aves,Passeriformes,Anthus pratensis,Meadow pipit,Species,6,6,
South,High,S1B,S1B_3,Humanobservation,Animalia,Aves,Passeriformes,Anthus pratensis,Meadow pipit,Species,2,2,
South,High,S1B_OoB,S1B_OoB_2,Humanobservation,Animalia,Aves,Passeriformes,Anthus pratensis,Meadow pipit,Species,1,1,
North,Medium,N2B,N2B_1,Humanobservation,Animalia,Aves,Accipitriformes,Aquila chrysaetos,Golden eagle,Species,1,1,
South,Medium,S2B_OoB,S2B_OoB_1,Humanobservation,Animalia,Aves,Accipitriformes,Aquila chrysaetos,Golden eagle,Species,1,1,
North,High,N1B_OoB,N1B_OoB_1,Humanobservation,Animalia,Aves,Accipitriformes,Aquila chrysaetos,Golden eagle,Species,2,2,
North,High,N1B_OoB,N1B_OoB_2,Humanobservation,Animalia,Aves,Accipitriformes,Aquila chrysaetos,Golden eagle,Species,1,1,
South,High,S1B,S1B_1,Humanobservation,Animalia,Aves,Accipitriformes,Aquila chrysaetos,Golden eagle,Species,1,1,
South,High,S1B,S1B_4,Humanobservation,Animalia,Aves,Passeriformes,Certhia familiaris,Treecreeper,Species,1,1,
North,Low,N3B,N3B_,Humanobservation,Animalia,Aves,Passeriformes,Coloeus monedula,Western jackdaw,Species,15,15,
North,Low,N3B_OoB,N3B_OoB_1,Humanobservation,Animalia,Aves,Passeriformes,Coloeus monedula,Western jackdaw,Species,1,1,
North,Low,N3B,N3B_1,Humanobservation,Animalia,Aves,Columbiformes,Columba palumbus,Wood pigeon,Species,3,3,
North,Low,N3B,N3B_2,Humanobservation,Animalia,Aves,Columbiformes,Columba palumbus,Wood pigeon,Species,4,4,
North,Low,N3B,N3B_3,Humanobservation,Animalia,Aves,Columbiformes,Columba palumbus,Wood pigeon,Species,2,2,
North,Low,N3B,N3B_4,Humanobservation,Animalia,Aves,Columbiformes,Columba palumbus,Wood pigeon,Species,1,1,
North,Low,N3B,N3B_5,Humanobservation,Animalia,Aves,Columbiformes,Columba palumbus,Wood pigeon,Species,1,1,
North,Low,N3B,N3B_6,Humanobservation,Animalia,Aves,Columbiformes,Columba palumbus,Wood pigeon,Species,1,1,
North,Low,N3B,N3B_7,Humanobservation,Animalia,Aves,Columbiformes,Columba palumbus,Wood pigeon,Species,1,1,
North,Low,N3B,N3B_8,Humanobservation,Animalia,Aves,Columbiformes,Columba palumbus,Wood pigeon,Species,1,1,
North,Low,N3B,N3B_,Humanobservation,Animalia,Aves,Columbiformes,Columba palumbus,Wood pigeon,Species,2,2,
South,Low,S3B,S3B_1,Humanobservation,Animalia,Aves,Columbiformes,Columba palumbus,Wood pigeon,Species,5,5,
South,Low,S3B,S3B_3,Humanobservation,Animalia,Aves,Passeriformes,Corvus corax,Common raven,Species,2,2,
South,High,S1B,S1B_2,Humanobservation,Animalia,Aves,Passeriformes,Corvus corax,Common raven,Species,2,2,
North,Medium,N2B,N2B_2,Humanobservation,Animalia,Aves,Passeriformes,Corvus corone,Carrion crow,Species,2,2,
North,Low,N3B,N3B_,Humanobservation,Animalia,Aves,Passeriformes,Cyanistes caeruleus,Blue tit,Species,1,1,
North,Low,N3B,N3B_,Humanobservation,Animalia,Aves,Passeriformes,Erithacus rubecula,European robin,Species,1,1,
South,Medium,S2B_OoB,S2B_OoB_3,Humanobservation,Animalia,Aves,Passeriformes,Erithacus rubecula,European robin,Species,1,1,
South,Medium,S2B,S2B_1,Humanobservation,Animalia,Aves,Falconiformes,Falco tinnunculus,Common kestrel,Species,1,1,
North,High,NB_I,NB_I_2,Humanobservation,Animalia,Aves,Falconiformes,Falco tinnunculus,Common kestrel,Species,1,1,
North,Low,N3B,N3B_,Humanobservation,Animalia,Aves,Passeriformes,Motacilla alba,Pied wagtail,Species,1,1,
North,Low,N3B,N3B_,Humanobservation,Animalia,Aves,Passeriformes,Periparus ater,Coal tit,Species,1,1,
South,Medium,S2B_OoB,S2B_OoB_2,Humanobservation,Animalia,Aves,Passeriformes,Troglodytes troglodytes,Eurasion wren,Species,1,1,
South,Medium,S2B_OoB,S2B_OoB_3,Humanobservation,Animalia,Aves,Passeriformes,Troglodytes troglodytes,Eurasion wren,Species,2,2,
South,High,S1B,S1B_5,Humanobservation,Animalia,Aves,Passeriformes,Troglodytes troglodytes,Eurasion wren,Species,2,2,
North,Medium,N2B,N2B_3,Humanobservation,Animalia,Aves,Passeriformes,Turdus philomelos,Song thrush,Species,3,3,
South,Low,S3B,S3B_4,Humanobservation,Animalia,Aves,Passeriformes,Turdus philomelos,Song thrush,Species,1,1,
North,Low,N3B,N3B_,Humanobservation,Animalia,Aves,Passeriformes,Turdus sp,Unidentified thrush,Genus,1,1,
North,,ND4FI_A,ND4FI_W1,Humanobservation,Animalia,FWI,Plecoptera,Plecoptera sp,Stonefly_larvae,Order,4,4,7
North,,ND4FI_A,ND4FI_W2,Humanobservation,Animalia,FWI,Ephemeroptera,Ephemeropltera sp,Mayfly_larvae,Order,2,2,10
North,,ND4FI_A,ND4FI_W3,Humanobservation,Animalia,FWI,Coleoptera,Dytiscidae sp,Waterbeetle ,Order,1,1,5
North,,ND4FI_A,ND4FI_W4,Humanobservation,Animalia,FWI,Oligochaeta,Oligochaeta sp,Worm,Order,2,2,1
North,,ND4FI_B,ND4FI_E1,Humanobservation,Animalia,FWI,Odonata,Anisoptera sp,Dragonfly_larvae,Family,1,1,
North,,ND4FI_B,ND4FI_E2,Humanobservation,Animalia,FWI,Oligochaeta,Oligochaeta sp,Worm,Order,3,3,1
North,,ND4FI_B,ND4FI_E3,Humanobservation,Animalia,FWI,Plecoptera,Plecoptera sp,Stonefly_larvae,Order,1,1,7
North,,ND4FI_B,ND4FI_E4,Humanobservation,Animalia,FWI,Ephemeroptera,Ephemeropltera sp,Mayfly_larvae,Order,3,3,10
North,,ND4FI_B,ND4FI_E5,Humanobservation,Animalia,FWI,Coleoptera,Coleoptera sp,Waterbeetle_larvae,Order,1,1,5
North,,ND4FI_B,ND4FI_E6,Humanobservation,Animalia,FWI,Trichoptera,Hydropsychidae sp,Cased_caddisfly_larvae,Order,2,2,7.5
North,,NU4FI_A,NU4FI_W1,Humanobservation,Animalia,FWI,Trichoptera,Hydropsychidae sp,Caddisfly_larvae,Family,1,1,7.5
North,,NU4FI_A,NU4FI_W2,Humanobservation,Animalia,FWI,Coleoptera,Coleoptera sp,Waterbeetle ,Order,3,3,5
North,,NU4FI_A,NU4FI_W3,Humanobservation,Animalia,FWI,Oligochaeta,Oligochaeta sp,Worm,Order,1,1,1
North,,NU4FI_A,NU4FI_W4,Humanobservation,Animalia,FWI,Trichoptera,Philopotamidae sp,Caseless_caddisfly_larvae,Family,4,4,7.5
North,,NU4FI_A,NU4FI_W5,Humanobservation,Animalia,FWI,Trichoptera,Philopotamidae sp,Cased_caddisfly_larvae,Order,3,3,7.5
North,,NU4FI_A,NU4FI_W6,Humanobservation,Animalia,FWI,Odonata,Anisoptera sp,Dragonfly_larvae,Family,1,1,
North,,NU4FI_B,NU4FI_E1,Humanobservation,Animalia,FWI,Plecoptera,Plecoptera sp,Stonefly_larvae,Order,2,2,7
North,,NU4FI_B,NU4FI_E2,Humanobservation,Animalia,FWI,Ephemeroptera,Ephemeropltera sp,Mayfly_larvae,Order,1,1,10
North,,NU4FI_B,NU4FI_E3,Humanobservation,Animalia,FWI,Oligochaeta,Oligochaeta sp,Worm,Order,1,1,1
South,,SD4FI_A,D4FI_A1,Humanobservation,Animalia,FWI,Oligochaeta,Oligochaeta sp,Worm,Order,1,1,1
South,,SD4FI_A,D4FI_A2,Humanobservation,Animalia,FWI,Diptera,Simuliidae sp,Blackfly_larvae,Order,1,1,5
South,,SD4FI_B,SD4FI_B1,Humanobservation,Animalia,FWI,Coleoptera,Coleoptera sp,Diving_beetle,Family,1,1,5
South,,SD4FI_B,SD4FI_B2,Humanobservation,Animalia,FWI,Hemiptera,Notonectidae sp,Lesser Water Boatman,Family,4,4,
South,,SD4FI_B,SD4FI_B3,Humanobservation,Animalia,FWI,Odonata,Zygoptera sp,Damselfly_larvae,Suborder,2,2,
South,,SD4FI_B,SD4FI_B4,Humanobservation,Animalia,FWI,Odonata,Anisoptera sp,Dragonfly_larvae,Infraorder,3,3,
South,,SD4FI_B,SD4FI_B5,Humanobservation,Animalia,FWI,Hemiptera,Corixidae sp,Greater Water Boatman,Family,2,2,5
South,,SU4FI_A,SU4F1_A4,Humanobservation,Animalia,FWI,Trichoptera,Philopotamidae sp,Caddisfly_larvae,Order,1,1,7.5
South,,SU4FI_A,SU4F1_A5,Humanobservation,Animalia,FWI,Ephemeroptera,Ephemeropltera sp,Mayfly_larvae,Order,2,2,10
South,,SU4FI_A,SU4FI_A1,Humanobservation,Animalia,FWI,Plecoptera,Plecoptera sp,Stonefly_larvae,Order,8,8,7
South,,SU4FI_A,SU4FI_A2,Humanobservation,Animalia,FWI,Coleoptera,Coleoptera sp,Waterbeetle_larvae ,Order,1,1,5
South,,SU4FI_A,SU4FI_A3,Humanobservation,Animalia,FWI,Coleoptera,Coleoptera sp,Waterbeetle ,Order,1,1,5
South,,SU4FI_B,SU4FI_B1,Humanobservation,Animalia,FWI,Ephemeroptera,Ephemeropltera sp,Mayfly_larvae,Order,2,2,10
South,,SU4FI_B,SU4FI_B2,Humanobservation,Animalia,FWI,Plecoptera,Plecoptera sp,Stonefly_larvae,Order,1,1,7
South,,SU4FI_B,SU4FI_B3,Humanobservation,Animalia,FWI,Trichoptera,Hydropsychidae sp,Caddisfly_case,Order,1,1,7.5
South,,SU4FI_B,SU4FI_B4,Humanobservation,Animalia,FWI,Diptera,Simuliidae sp,Blackfly_larvae,Family,1,1,5
North,Low,N3TIT_A,N3TIT_A7,Humanobservation,Animalia,Insecta,Lepidoptera,Agrius convolvuli,Convolvulus_hawk_moth,Species ,1,1,
South,Medium,S2TIP_C,S2TIP_C1,Humanobservation,Animalia,Insecta,Coleoptera,Anoplotrupes stercorosus,Dor_beetle,Species,1,1,
South,High,S1TIN_B,S1TIN_B5,Humanobservation,Animalia,Insecta,Hemiptera,Aphididae sp,Aphid,Family,1,1,
North,Medium,N2TIN_F,N2TIN_F2,Humanobservation,Animalia,Insecta,Hemiptera,Aphididae sp,Aphid,Family,1,1,
North,Low,N3TIT_E,N3TIT_E1,Humanobservation,Animalia,Insecta,Lepidoptera,Aporophyla nigra,Black_rustic ,Species ,3,3,
North,Low,N3TIT_J,N3TIT_J1,Humanobservation,Animalia,Insecta,Lepidoptera,Aporophyla nigra,Black_rustic ,Species,1,1,
South,Low,S3TIP_E,S3TIP_E1,Humanobservation,Animalia,Insecta,Araneae,Araneae sp,Spider,Order,1,1,
South,Low,S3TIN_A,S3TIN_A3,Humanobservation,Animalia,Insecta,Araneae,Araneae sp,Spider,Order,1,1,
South,Low,S3TIN_C,S3TIN_C3,Humanobservation,Animalia,Insecta,Araneae,Araneae sp,Spider,Order,2,2,
South,Low,S3TIN_D,S3TIN_D2,Humanobservation,Animalia,Insecta,Araneae,Araneae sp,Spider,Order,1,1,
South,Low,S3TIN_E,S3TIN_E4,Humanobservation,Animalia,Insecta,Araneae,Araneae sp,Spider,Order,1,1,
South,Low,S3TIN_E,S3TIN_E5,Humanobservation,Animalia,Insecta,Araneae,Araneae sp,Spider,Order,1,1,
South,Low,S3TIN_F,S3TIN_F3,Humanobservation,Animalia,Insecta,Araneae,Araneae sp,Spider,Order,2,2,
South,Low,S3TIN_F,S3TIN_F4,Humanobservation,Animalia,Insecta,Araneae,Araneae sp,Spider,Order,1,1,
South,Low,S3TIN_F,S3TIN_F5,Humanobservation,Animalia,Insecta,Araneae,Araneae sp,Spider,Order,1,1,
South,Low,S3TIN_H,S3TIN_H1,Humanobservation,Animalia,Insecta,Araneae,Araneae sp,Spider,Order,1,1,
South,Medium,S2TIN_A,S2TIN_A2,Humanobservation,Animalia,Insecta,Araneae,Araneae sp,Spider,Order,1,1,
South,Medium,S2TIN_C,S2TIN_C2,Humanobservation,Animalia,Insecta,Araneae,Araneae sp,Spider,Order,1,1,
South,Medium,S2TIN_F,S2TIN_F1,Humanobservation,Animalia,Insecta,Araneae,Araneae sp,Spider,Order,1,1,
South,Medium,S2TIN_G,S2TIN_G1,Humanobservation,Animalia,Insecta,Araneae,Araneae sp,Spider,Order,2,2,
South,Medium,S2TIN_H,S2TIN_H2,Humanobservation,Animalia,Insecta,Araneae,Araneae sp,Spider,Order,3,3,
South,High,S1TIN_A,S1TIN_A1,Humanobservation,Animalia,Insecta,Araneae,Araneae sp,Spider,Order,2,2,
South,High,S1TIN_B,S1TIN_B2,Humanobservation,Animalia,Insecta,Araneae,Araneae sp,Spider,Order,1,1,
South,High,S1TIN_B,S1TIN_B3,Humanobservation,Animalia,Insecta,Araneae,Araneae sp,Spider,Order,1,1,
South,High,S1TIN_B,S1TIN_B4,Humanobservation,Animalia,Insecta,Araneae,Araneae sp,Spider,Order,1,1,
South,High,S1TIN_C,S1TIN_C1,Humanobservation,Animalia,Insecta,Araneae,Araneae sp,Spider,Order,1,1,
South,High,S1TIN_D,S1TIN_D1,Humanobservation,Animalia,Insecta,Araneae,Araneae sp,Spider,Order,1,1,
South,High,S1TIN_D,S1TIN_D2,Humanobservation,Animalia,Insecta,Araneae,Araneae sp,Spider,Order,1,1,
South,High,S1TIN_F,S1TIN_F3,Humanobservation,Animalia,Insecta,Araneae,Araneae sp,Spider,Order,1,1,
South,High,S1TIN_G,S1TIN_G1,Humanobservation,Animalia,Insecta,Araneae,Araneae sp,Spider,Order,2,2,
South,High,S1TIN_H,S1TIN_H2,Humanobservation,Animalia,Insecta,Araneae,Araneae sp,Spider,Order,1,1,
North,Low,N3TIT_E,N3TIT_E8,Humanobservation,Animalia,Insecta,Lepidoptera,Blastobasis lacticolella,Large_pale_masoner ,Species ,1,1,
North,Medium,N2TIP_J,N2TIP_J1,Humanobservation,Animalia,Insecta,Coleoptera,Calathus fuscipes,Ground Beetle,Family,7,7,
South,Low,S3TIT_J,S3TIT_J2,Humanobservation,Animalia,Insecta,Hymenoptera,Cardrina morpheus,Mottled_rustic,Species,1,1,
North,Low,N3TIT_J,N3TIT_J9,Humanobservation,Animalia,Insecta,Lepidoptera,Cardrina morpheus,Mottled_rustic,Species,1,1,
South,Low,S3TIT_A,S3TIT_A7,Humanobservation,Animalia,Insecta,Lepidoptera,Clubiona latreille,Leaf_curling_sac_spiders,Species ,1,1,
South,Low,S3TIT_A,S3TIT_A2,Humanobservation,Animalia,Insecta,Lepidoptera,Colostygia pectinataria,Green_carpet_moth,Species ,3,3,
North,Low,N3TIT_J,N3TIT_J8,Humanobservation,Animalia,Insecta,Lepidoptera,Colostygia pectinataria,Green_carpet_moth,Species,1,1,
South,Low,S3TIT_A,S3TIT_A4,Humanobservation,Animalia,Insecta,Lepidoptera,Conistra vaccinii,Chestnut_moth,Species ,1,1,
South,Low,S3TIT_J,S3TIT_J3,Humanobservation,Animalia,Insecta,Diptera,Culicidae sp,Mosquito,Family,4,4,
North,Low,N3TIT_J,N3TIT_J6,Humanobservation,Animalia,Insecta,Diptera,Culicidae sp,Mosquito,Family ,1,1,
South,Low,S3TIT_E,S3TIT_E1,Humanobservation,Animalia,Insecta,Lepidoptera,Denticucullus pygmina,Small_wainscot,Species ,2,2,
South,Low,S3TIT_A,S3TIT_A6,Humanobservation,Animalia,Insecta,Lepidoptera,Denticucullus pygmina,Small_wainscot,Species ,1,1,
North,Low,N3TIT_A,N3TIT_A2,Humanobservation,Animalia,Insecta,Lepidoptera,Denticucullus pygmina,Small_wainscot,Species ,2,2,
South,Low,S3TIN_A,S3TIN_A1,Humanobservation,Animalia,Insecta,Diptera,Diptera sp,Fly,Order,2,2,
South,Low,S3TIN_B,S3TIN_B1,Humanobservation,Animalia,Insecta,Diptera,Diptera sp,Fly,Order,3,3,
South,Low,S3TIN_B,S3TIN_B2,Humanobservation,Animalia,Insecta,Diptera,Diptera sp,Fly,Order,1,1,
South,Low,S3TIN_C,S3TIN_C2,Humanobservation,Animalia,Insecta,Diptera,Diptera sp,Fly,Order,1,1,
South,Low,S3TIN_D,S3TIN_D3,Humanobservation,Animalia,Insecta,Diptera,Diptera sp,Fly,Order,2,2,
South,Low,S3TIN_E,S3TIN_E1,Humanobservation,Animalia,Insecta,Diptera,Diptera sp,Fly,Order,4,4,
South,Low,S3TIN_E,S3TIN_E2,Humanobservation,Animalia,Insecta,Diptera,Diptera sp,Fly,Order,1,1,
South,Low,S3TIN_F,S3TIN_F6,Humanobservation,Animalia,Insecta,Diptera,Diptera sp,Fly,Order,3,3,
South,Low,S3TIN_G,S3TIN_G3,Humanobservation,Animalia,Insecta,Diptera,Diptera sp,Fly,Order,2,2,
South,Low,S3TIN_G,S3TIN_G4,Humanobservation,Animalia,Insecta,Diptera,Diptera sp,Fly,Order,1,1,
South,Medium,S2TIN_E,S2TIN_E2,Humanobservation,Animalia,Insecta,Diptera,Diptera sp,Fly,Order,1,1,
South,Medium,S2TIN_G,S2TIN_G2,Humanobservation,Animalia,Insecta,Diptera,Diptera sp,Fly,Order,1,1,
South,Medium,S2TIN_J,S2TIN_J2,Humanobservation,Animalia,Insecta,Diptera,Diptera sp,Fly,Order,1,1,
North,Medium,N2TIN_D,N2TIN_D2,Humanobservation,Animalia,Insecta,Diptera,Diptera sp,Fly,Order,2,2,
North,Low,N3TIT_J,N3TIT_J7,Humanobservation,Animalia,Insecta,Diptera,Diptera sp,Fly,Family,1,1,
South,Low,S3TIT_E,S3TIT_E5,Humanobservation,Animalia,Insecta,Lepidoptera,Dysstroma truncata,Common_marbled_carpet,Species ,1,1,
South,Low,S3TIT_A,S3TIT_A8,Humanobservation,Animalia,Insecta,Lepidoptera,Dysstroma truncata,Common_marbled_carpet,Species ,1,1,
South,High,S1TIN_A,S1TIN_A5,Humanobservation,Animalia,Insecta,Lepidoptera,Euthrix potatoria,Drinker_moth,Species,1,1,
North,Low,N3TIT_J,N3TIT_J4,Humanobservation,Animalia,Insecta,Lepidoptera,Euxoa nigricans,Garden_dart,Species,1,1,
South,Low,S3TIN_E,S3TIN_E6,Humanobservation,Animalia,Insecta,Hymenoptera,Formicidae sp,Ant,Family,1,1,
South,Low,S3TIN_G,S3TIN_G1,Humanobservation,Animalia,Insecta,Hymenoptera,Formicidae sp,Ant,Family,1,1,
South,High,S1TIN_C,S1TIN_C3,Humanobservation,Animalia,Insecta,Hymenoptera,Formicidae sp,Ant,Family,1,1,
South,High,S1TIN_C,S1TIN_C4,Humanobservation,Animalia,Insecta,Hymenoptera,Formicidae sp,Ant,Family,1,1,
South,High,S1TIN_F,S1TIN_F2,Humanobservation,Animalia,Insecta,Hymenoptera,Formicidae sp,Ant,Family,1,1,
North,Medium,N2TIN_F,N2TIN_F3,Humanobservation,Animalia,Insecta,Hymenoptera,Formicidae sp,Ant,Family,1,1,
North,Medium,N2TIN_G,N2TIN_G1,Humanobservation,Animalia,Insecta,Hymenoptera,Formicidae sp,Ant,Family,1,1,
North,Low,N3TIT_E,N3TIT_E3,Humanobservation,Animalia,Insecta,Lepidoptera,Geometridae sp,Larval_geometrid,Species ,1,1,
South,High,S1TIN_A,S1TIN_A3,Humanobservation,Animalia,Insecta,Coleoptera,Geotrupes stercorarius,Dor_beetle,Species,1,1,
South,Low,S3TIN_C,S3TIN_C4,Humanobservation,Animalia,Insecta,Hemiptera,Hemiptera sp,True_bug,Order,1,1,
South,Low,S3TIN_D,S3TIN_D1,Humanobservation,Animalia,Insecta,Hemiptera,Hemiptera sp,True_bug,Order,1,1,
South,Medium,S2TIN_D,S2TIN_D2,Humanobservation,Animalia,Insecta,Hemiptera,Hemiptera sp,True_bug,Order,1,1,
South,Medium,S2TIN_D,S2TIN_D3,Humanobservation,Animalia,Insecta,Hemiptera,Hemiptera sp,True_bug,Order,1,1,
South,Medium,S2TIN_E,S2TIN_E3,Humanobservation,Animalia,Insecta,Hemiptera,Hemiptera sp,True_bug,Order,1,1,
South,Medium,S2TIN_H,S2TIN_H1,Humanobservation,Animalia,Insecta,Hemiptera,Hemiptera sp,True_bug,Order,1,1,
South,Medium,S2TIN_J,S2TIN_J1,Humanobservation,Animalia,Insecta,Hemiptera,Hemiptera sp,True_bug,Order,1,1,
South,High,S1TIN_H,S1TIN_H4,Humanobservation,Animalia,Insecta,Hemiptera,Hemiptera sp,True_bug,Order,1,1,
North,Medium,N2TIN_D,N2TIN_D1,Humanobservation,Animalia,Insecta,Hemiptera,Hemiptera sp,True_bug,Order,5,5,
North,Medium,N2TIN_F,N2TIN_F1,Humanobservation,Animalia,Insecta,Hemiptera,Hemiptera sp,True_bug,Order,1,1,
North,High,N1TIN_F,N1TIN_F1,Humanobservation,Animalia,Insecta,Hemiptera,Hemiptera sp,True_bug,Order,1,1,
South,Low,S3TIP_E,S3TIP_E2,Humanobservation,Animalia,Insecta,Homoptera,Homoptera sp,Insect,Order,1,1,
South,Low,S3TIN_E,S3TIN_E3,Humanobservation,Animalia,Insecta,Homoptera,Homoptera sp,Insect,Order,3,3,
South,Low,S3TIN_F,S3TIN_F2,Humanobservation,Animalia,Insecta,Homoptera,Homoptera sp,Insect,Order,2,2,
South,Low,S3TIN_G,S3TIN_G5,Humanobservation,Animalia,Insecta,Homoptera,Homoptera sp,Insect,Order,2,2,
South,Low,S3TIN_H,S3TIN_H2,Humanobservation,Animalia,Insecta,Homoptera,Homoptera sp,Insect,Order,1,1,
South,Low,S3TIN_J,S3TIN_J1,Humanobservation,Animalia,Insecta,Homoptera,Homoptera sp,Insect,Order,3,3,
South,Medium,S2TIN_B,S2TIN_B2,Humanobservation,Animalia,Insecta,Homoptera,Homoptera sp,Insect,Order,1,1,
South,Medium,S2TIN_E,S2TIN_E4,Humanobservation,Animalia,Insecta,Homoptera,Homoptera sp,Insect,Order,4,4,
South,High,S1TIN_H,S1TIN_H3,Humanobservation,Animalia,Insecta,Homoptera,Homoptera sp,Insect,Order,2,2,
South,Low,S3TIT_E,S3TIT_E6,Humanobservation,Animalia,Insecta,Ixodida,Ixodes ricinus,Sheep_tick ,Species ,1,1,
South,Low,S3TIP_J,S3TIP_J1,Humanobservation,Animalia,Insecta,Ixodida,Ixodoidea sp,Tick,Family,1,1,
South,Low,S3TIN_A,S3TIN_A2,Humanobservation,Animalia,Insecta,Ixodida,Ixodoidea sp,Tick,Family,2,2,
South,Low,S3TIN_B,S3TIN_B3,Humanobservation,Animalia,Insecta,Ixodida,Ixodoidea sp,Tick,Family,2,2,
South,Low,S3TIN_C,S3TIN_C1,Humanobservation,Animalia,Insecta,Ixodida,Ixodoidea sp,Tick,Family,2,2,
South,Low,S3TIN_F,S3TIN_F1,Humanobservation,Animalia,Insecta,Ixodida,Ixodoidea sp,Tick,Family,1,1,
South,Low,S3TIN_G,S3TIN_G2,Humanobservation,Animalia,Insecta,Ixodida,Ixodoidea sp,Tick,Family,2,2,
South,Low,S3TIN_I,S3TIN_I1,Humanobservation,Animalia,Insecta,Ixodida,Ixodoidea sp,Tick,Family,2,2,
South,Medium,S2TIN_A,S2TIN_A1,Humanobservation,Animalia,Insecta,Ixodida,Ixodoidea sp,Tick,Family,11,11,
South,Medium,S2TIN_B,S2TIN_B1,Humanobservation,Animalia,Insecta,Ixodida,Ixodoidea sp,Tick,Family,13,13,
South,Medium,S2TIN_C,S2TIN_C1,Humanobservation,Animalia,Insecta,Ixodida,Ixodoidea sp,Tick,Family,19,19,
South,Medium,S2TIN_D,S2TIN_D1,Humanobservation,Animalia,Insecta,Ixodida,Ixodoidea sp,Tick,Family,48,48,
South,Medium,S2TIN_E,S2TIN_E1,Humanobservation,Animalia,Insecta,Ixodida,Ixodoidea sp,Tick,Family,25,25,
South,Medium,S2TIN_I,S2TIN_I1,Humanobservation,Animalia,Insecta,Ixodida,Ixodoidea sp,Tick,Family,5,5,
South,High,S1TIN_A,S1TIN_A2,Humanobservation,Animalia,Insecta,Ixodida,Ixodoidea sp,Tick,Family,4,4,
South,High,S1TIN_B,S1TIN_B1,Humanobservation,Animalia,Insecta,Ixodida,Ixodoidea sp,Tick,Family,20,20,
South,High,S1TIN_C,S1TIN_C2,Humanobservation,Animalia,Insecta,Ixodida,Ixodoidea sp,Tick,Family,1,1,
South,High,S1TIN_E,S1TIN_E1,Humanobservation,Animalia,Insecta,Ixodida,Ixodoidea sp,Tick,Family,1,1,
South,High,S1TIN_F,S1TIN_F1,Humanobservation,Animalia,Insecta,Ixodida,Ixodoidea sp,Tick,Family,4,4,
South,High,S1TIN_H,S1TIN_H1,Humanobservation,Animalia,Insecta,Ixodida,Ixodoidea sp,Tick,Family,3,3,
North,Medium,N2TIN_I,N2TIN_I1,Humanobservation,Animalia,Insecta,Ixodida,Ixodoidea sp,Tick,Family,6,6,
South,Low,S3TIN_G,S3TIN_G6,Humanobservation,Animalia,Insecta,Araneae,Leiobunum rotundum,Harverstman_spider,Species,1,1,
South,Low,S3TIN_I,S3TIN_I3,Humanobservation,Animalia,Insecta,Lepidoptera,Lepidoptera sp,Caterpillar,Order,1,1,
South,Medium,S2TIN_B,S2TIN_B3,Humanobservation,Animalia,Insecta,Lepidoptera,Lepidoptera sp,Caterpillar,Order,2,2,
South,High,S1TIN_A,S1TIN_A4,Humanobservation,Animalia,Insecta,Lepidoptera,Lepidoptera sp,Caterpillar,Order,1,1,
South,Low,S3TIT_E,S3TIT_E4,Humanobservation,Animalia,Insecta,Trichoptera,Limnephilus lunatus,Caddis_fly,Species ,2,2,
South,Low,S3TIT_A,S3TIT_A10,Humanobservation,Animalia,Insecta,Trichoptera,Limnephilus lunatus,Cinnamon_sedge_caddisfly,Species ,1,1,
North,Low,N3TIT_A,N3TIT_A10,Humanobservation,Animalia,Insecta,Trichoptera,Limnephilus lunatus,Cinnamon_sedge_caddisfly,Species ,1,1,
North,Low,N3TIT_A,N3TIT_A4,Humanobservation,Animalia,Insecta,Diptera,Limoniidae sp,Crane_fly ,Family,3,3,
North,Low,N3TIT_A,N3TIT_A5,Humanobservation,Animalia,Insecta,Araneae,Linyphiidae sp,Money_spider,Family ,1,1,
South,Low,S3TIN_B,S3TIN_B4,Humanobservation,Animalia,Insecta,Araneae,Linyphiidae sp,Money_spider,Family,1,1,
South,Low,S3TIN_I,S3TIN_I2,Humanobservation,Animalia,Insecta,Araneae,Linyphiidae sp,Money_spider,Family,2,2,
North,Low,N3TIT_E,N3TIT_E5,Humanobservation,Animalia,Insecta,Lepidoptera,Noctua pronuba,Large_yellow_underwing,Species ,1,1,
North,Low,N3TIT_A,N3TIT_A9,Humanobservation,Animalia,Insecta,Hymenoptera,Ophion sp,Parasitic_wasps,Genus ,2,2,
North,Low,N3TIT_E,N3TIT_E6,Humanobservation,Animalia,Insecta,Lepidoptera,Paradiarsia glareosa,Autumnal_rustic ,Species ,1,1,
South,Low,S3TIP_E,S3TIP_E3,Humanobservation,Animalia,Insecta,Poduromorpha,Poduromorpha sp,Springtail,Order,1,1,
South,Low,S3TIP_I,S3TIP_I1,Humanobservation,Animalia,Insecta,Coleoptera,Pterostichus niger,Woodland_ground_beetle,Order,1,1,
North,Low,N3TIT_A,N3TIT_A6,Humanobservation,Animalia,Insecta,Hemiptera,Rhopalidae sp,Scentless_plant_bugs,Family,1,1,
South,Low,S3TIT_A,S3TIT_A9,Humanobservation,Animalia,Insecta,Diptera,Sciaridae sp,Dark_winged_fungus_gnats ,Family,1,1,
North,Low,N3TIT_A,N3TIT_A1,Humanobservation,Animalia,Insecta,Lepidoptera,Standfussiana lucernea,Northern_rustic ,Species ,1,1,
North,Low,N3TIT_E,N3TIT_E9,Humanobservation,Animalia,Insecta,Lepidoptera,Stilbia anomala,The_anomalous,Species ,1,1,
South,Low,S3TIT_E,S3TIT_E7,Humanobservation,Animalia,Insecta,Julida,Tachypodoiulus niger,White_legged_snake_millipede,Species ,1,1,
South,High,S1TIN_F,S1TIN_F4,Humanobservation,Animalia,Insecta,Thysanoptera,Thysanoptera sp,Thrip,Order,1,1,
North,Low,N3TIT_E,N3TIT_E4,Humanobservation,Animalia,Insecta,Diptera,Tipula oleracea,Marsh_crane_fly ,Species ,2,2,
South,Low,S3TIT_A,S3TIT_A14,Humanobservation,Animalia,Insecta,Diptera,Tipula oleracea,Marsh_crane_fly ,Species ,1,1,
South,Low,S3TIT_E,S3TIT_E2,Humanobservation,Animalia,Insecta,Diptera,Tipula oleracea,Marsh_crane_fly ,Species ,2,2,
South,Low,S3TIT_A,S3TIT_A13,Humanobservation,Animalia,Insecta,Diptera,Tipula oleracea,Marsh_crane_fly ,Species ,1,1,
South,Low,S3TIT_A,S3TIT_A12,Humanobservation,Animalia,Insecta,Diptera,Tipula oleracea,Marsh_crane_fly ,Order,10,10,
South,Low,S3TIT_A,S3TIT_A11,Humanobservation,Animalia,Insecta,Diptera,Tipula rufina,Crane_fly ,Species ,2,2,
North,Low,N3TIT_A,N3TIT_A8,Humanobservation,Animalia,Insecta,Diptera,Tipulidae sp,Crane_fly ,Family,1,1,
South,Low,S3TIT_J,S3TIT_J4,Humanobservation,Animalia,Insecta,Diptera,Tipulidae sp,Crane_fly ,Super_family,1,1,
North,Low,N3TIT_J,N3TIT_J5,Humanobservation,Animalia,Insecta,Diptera,Tipulidae sp,Crane_fly ,Super_family,4,4,
South,High,S1TIN_F,S1TIN_F5,Humanobservation,Animalia,Insecta,Diptera,Tipulidae sp,Crane_fly,Family,1,1,
South,Low,S3TIT_J,S3TIT_J1,Humanobservation,Animalia,Insecta,Trichoptera,Trichoptera sp,Caddis_fly,Order,1,1,
North,Low,N3TIT_J,N3TIT_J3,Humanobservation,Animalia,Insecta,Trichoptera,Trichoptera sp,Caddis_fly,Order,1,1,
South,Low,S3TIT_A,S3TIT_A5,Humanobservation,Animalia,Insecta,Lepidoptera,Xanthia togata,Pink_barred_sallow_moth,Species ,1,1,
North,Low,N3TIT_E,N3TIT_E7,Humanobservation,Animalia,Insecta,Lepidoptera,Xestia agathina,Heath_rustic ,Species ,1,1,
South,Low,S3TIT_A,S3TIT_A3,Humanobservation,Animalia,Insecta,Lepidoptera,Xestia agathina,Heath_rustic ,Species ,1,1,
South,Low,S3TIT_E,S3TIT_E3,Humanobservation,Animalia,Insecta,Lepidoptera,Xestia castanea,Neglected_rustic,Species ,1,1,
North,Low,N3TIT_E,N3TIT_E2,Humanobservation,Animalia,Insecta,Lepidoptera,Xestia xanthographa,Square_spot_rustic ,Species ,3,3,
South,Low,S3TIT_A,S3TIT_A1,Humanobservation,Animalia,Insecta,Lepidoptera,Xestia xanthographa,Square_spot_rustic ,Species ,12,12,
North,Low,N3TIT_A,N3TIT_A3,Humanobservation,Animalia,Insecta,Lepidoptera,Xestia xanthographa,Square_spot_rustic ,Species ,2,2,
North,Low,N3TIT_J,N3TIT_J2,Humanobservation,Animalia,Insecta,Lepidoptera,Xestia xanthographa,Square_spot_rustic ,Species,5,5,
North,High,N1MR,N1MR_1,Humanobservation,Animalia,Mammalia,Artiodactyla,Cervus elaphus,Red_dear,Species,1,1,
North,Medium,N2MR,N2MR_2,Humanobservation,Animalia,Mammalia,Artiodactyla,Cervus elaphus,Red_dear,Species,1,1,
North,Low,N3MR,N3MR_3,Humanobservation,Animalia,Mammalia,Artiodactyla,Cervus elaphus,Red_dear,Species,1,1,
South,High,S1MR,S1MR_1,Humanobservation,Animalia,Mammalia,Artiodactyla,Cervus elaphus,Red_dear,Species,1,1,
South,Medium,S2MR,S2MR_1,Humanobservation,Animalia,Mammalia,Artiodactyla,Cervus elaphus,Red_dear,Species,1,1,
South,Low,S3MR,S3MR_3,Humanobservation,Animalia,Mammalia,Artiodactyla,Cervus elaphus,Red_dear,Species,1,1,
North,Low,N2MR,N2MR_4,Humanobservation,Animalia,Mammalia,Carnivora,Meles meles,Badger,Species,1,1,
South,Medium,S2CR_C,S2CR_C1,Audiomoth,Animalia,Mammalia,Chiroptera,Nyctalus leisleri,Lesser_noctule,Species,1,0,
South,Medium,S2CR_B,S2CR_B1,Audiomoth,Animalia,Mammalia,Chiroptera,Nyctalus leisleri,Lesser_noctule,Species,1,0,
North,High,N1MR,N1MR_2,Humanobservation,Animalia,Mammalia,Artiodactyla,Ovis sp,Domestic_sheep,Genus,1,1,
North,Medium,N2MR,N2MR_3,Humanobservation,Animalia,Mammalia,Artiodactyla,Ovis sp,Domestic_sheep,Genus,1,1,
South,Low,S3MR,S3MR_3,Humanobservation,Animalia,Mammalia,Artiodactyla,Ovis sp,Domestic_sheep,Genus,1,1,
South,Low,S3CR_A,S3CR_A1,Audiomoth,Animalia,Mammalia,Chiroptera,Pipistrellus nathusii,Nathusius'_pipistrelle,Species,1,0,
South,Medium,S2CR_C,S2CR_C2,Audiomoth,Animalia,Mammalia,Chiroptera,Pipistrellus nathusii,Nathusius'_pipistrelle,Species,1,0,
South,Medium,S2CR_D,S2CR_D1,Audiomoth,Animalia,Mammalia,Chiroptera,Pipistrellus nathusii,Nathusius'_pipistrelle,Species,1,0,
South,Low,S3CR_A,S3CR_A2,Audiomoth,Animalia,Mammalia,Chiroptera,Pipistrellus pipistrellus,Common_pipistrelle,Species,1,0,
North,Low,N3CR_A,N3CR_A1,Audiomoth,Animalia,Mammalia,Chiroptera,Pipistrellus pipistrellus,Common_pipistrelle,Species,1,0,
South,Medium,S2CR_B,S2CR_B2,Audiomoth,Animalia,Mammalia,Chiroptera,Pipistrellus pipistrellus,Common_pipistrelle,Species,1,0,
South,Medium,S2CR_C,S2CR_C3,Audiomoth,Animalia,Mammalia,Chiroptera,Pipistrellus pipistrellus,Common_pipistrelle,Species,1,0,
South,Medium,S2CR_D,S2CR_D2,Audiomoth,Animalia,Mammalia,Chiroptera,Pipistrellus pipistrellus,Common_pipistrelle,Species,1,0,
North,Medium,N2CR_A,N2CR_A2,Audiomoth,Animalia,Mammalia,Chiroptera,Pipistrellus pipistrellus,Common_pipistrelle,Species,1,0,
South,Low,S3CR_A,S3CR_A3,Audiomoth,Animalia,Mammalia,Chiroptera,Pipistrellus pygmaeus,Soprano_pipistrelle,Species,1,0,
South,Medium,S2CR_B,S2CR_B3,Audiomoth,Animalia,Mammalia,Chiroptera,Pipistrellus pygmaeus,Soprano_pipistrelle,Species,1,0,
South,Medium,S2CR_D,S2CR_D3,Audiomoth,Animalia,Mammalia,Chiroptera,Pipistrellus pygmaeus,Soprano_pipistrelle,Species,1,0,
North,Medium,N2CR_A,N2CR_A1,Audiomoth,Animalia,Mammalia,Chiroptera,Pipistrellus pygmaeus,Soprano_pipistrelle,Species,1,0,
North,High,N1CR_C,N1CR_C1,Audiomoth,Animalia,Mammalia,Chiroptera,Pipistrellus pygmaeus,Soprano_pipistrelle,Species,1,0,
South,Medium,S2CR_D,S2CR_D4,Audiomoth,Animalia,Mammalia,Chiroptera,Plecotus auritus ,Brown_long-eared_bat,Species,1,0,
South,Low,S3MR,S3MR_1,CameraTrap,Animalia,Mammalia,Rodentia,Sciurus vulgaris,Red_Squirrel,Species,1,1,
North,Low,N3MR,N3MR_2,Humanobservation,Animalia,Mammalia,Rodentia,Sciurus vulgaris,Red_Squirrel,Species,2,2,
North,Low,N3P_B,N3P_B2,Humanobservation,Plantae,Plantae,Poales,Agrostis capillaris,Common_bent,Species,1,50,
North,Low,N3P_J,N3P_J5,Humanobservation,Plantae,Plantae,Poales,Agrostis capillaris,Common_bent,Species,1,10,
South,Low,S3P_B,S3P_B2,Humanobservation,Plantae,Plantae,Poales,Agrostis capillaris,Common_bent,Species,1,3,
South,Low,S3P_C,S3P_C1,Humanobservation,Plantae,Plantae,Poales,Agrostis capillaris,Common_bent,Species,1,8,
South,Medium,S2P_B,S2P_B1,Humanobservation,Plantae,Plantae,Poales,Agrostis capillaris,Common_bent,Species,1,5,
South,Medium,S2P_E,S2P_E3,Humanobservation,Plantae,Plantae,Poales,Agrostis capillaris,Common_bent,Species,1,5,
South,Medium,S2P_G,S2P_G1,Humanobservation,Plantae,Plantae,Poales,Agrostis capillaris,Common_bent,Species,1,2,
South,Medium,S2P_H,S2P_H1,Humanobservation,Plantae,Plantae,Poales,Agrostis capillaris,Common_bent,Species,1,1,
South,Medium,S2P_J,S2P_J3,Humanobservation,Plantae,Plantae,Poales,Agrostis capillaris,Common_bent,Species,1,2,
North,Medium,N2P_J,N2P_J5,Humanobservation,Plantae,Plantae,Poales,Anthoxanthum odoratum,Sweet_vernal_grass,Species,1,20,
North,Medium,N2P_I,N2P_I2,Humanobservation,Plantae,Plantae,Poales,Anthoxanthum odoratum,Sweet_vernal_grass,Species,1,40,
North,Medium,N2P_G,N2P_G4,Humanobservation,Plantae,Plantae,Poales,Anthoxanthum odoratum,Sweet_vernal_grass,Species,1,10,
North,Medium,N2P_A,N20_A1,Humanobservation,Plantae,Plantae,Poales,Anthoxanthum odoratum,Sweet_vernal_grass,Species,1,30,
North,High,N1P_E,N1P_E3,Humanobservation,Plantae,Plantae,Poales,Avenella flexuosa,Wavy_hair-grass,Species,1,80,
North,High,N1P_F,N1P_F9,Humanobservation,Plantae,Plantae,Poales,Avenella flexuosa,Wavy_hair-grass,Species,1,5,
North,High,N1P_H,N1P_H2,Humanobservation,Plantae,Plantae,Poales,Avenella flexuosa,Wavy_hair-grass,Species,1,20,
North,Medium,N2P_J,N2P_J1,Humanobservation,Plantae,Plantae,Poales,Avenella flexuosa,Wavy_hair-grass,Species,1,33,
North,Medium,N2P_I,N2P_I1,Humanobservation,Plantae,Plantae,Poales,Avenella flexuosa,Wavy_hair-grass,Species,1,60,
North,Medium,N2P_H,N2P_H2,Humanobservation,Plantae,Plantae,Poales,Avenella flexuosa,Wavy_hair-grass,Species,1,70,
North,Medium,N2P_G,N2P_G2,Humanobservation,Plantae,Plantae,Poales,Avenella flexuosa,Wavy_hair-grass,Species,1,70,
North,Medium,N2P_E,N2P_E3,Humanobservation,Plantae,Plantae,Poales,Avenella flexuosa,Wavy_hair-grass,Species,1,90,
North,Medium,N2P_C,N2P_C2,Humanobservation,Plantae,Plantae,Poales,Avenella flexuosa,Wavy_hair-grass,Species,1,80,
North,Medium,N2P_A,N20_A3,Humanobservation,Plantae,Plantae,Poales,Avenella flexuosa,Wavy_hair-grass,Species,1,40,
North,High,N1P_A,N1P_A1,Humanobservation,Plantae,Plantae,Ericales,Calluna vulgaris,Common_heather,Species,1,90,
North,High,N1P_B,N1P_B1,Humanobservation,Plantae,Plantae,Ericales,Calluna vulgaris,Common_heather,Species,1,90,
North,High,N1P_C,N1P_C1,Humanobservation,Plantae,Plantae,Ericales,Calluna vulgaris,Common_heather,Species,1,55,
North,High,N1P_D,N1P_D1,Humanobservation,Plantae,Plantae,Ericales,Calluna vulgaris,Common_heather,Species,1,80,
North,High,N1P_F,N1P_F2,Humanobservation,Plantae,Plantae,Ericales,Calluna vulgaris,Common_heather,Species,1,60,
North,High,N1P_G,N1P_G1,Humanobservation,Plantae,Plantae,Ericales,Calluna vulgaris,Common_heather,Species,1,40,
North,High,N1P_I,N1P_I1,Humanobservation,Plantae,Plantae,Ericales,Calluna vulgaris,Common_heather,Species,1,95,
North,High,N1P_J,N1P_J1,Humanobservation,Plantae,Plantae,Ericales,Calluna vulgaris,Common_heather,Species,1,95,
South,Low,S3P_J,S3P_J3,Humanobservation,Plantae,Plantae,Poales,Carex sp,Sedge,Genus,1,60,
South,Medium,S2P_H,S2P_H6,Humanobservation,Plantae,Plantae,Poales,Carex sp,Sedge,Genus,1,15,
South,Medium,S2P_I,S2P_I3,Humanobservation,Plantae,Plantae,Poales,Carex sp,Sedge,Genus,1,2,
South,Medium,S2P_J,S2P_J5,Quadrats,Plantae,Plantae,Poales,Carex sp,Sedge,Genus,1,5,
South,Low,S3P_G,S3P_G1,Humanobservation,Plantae,Plantae,Poales,Carex sp,Sedge,Genus,1,20,
South,Low,S3P_H,S3P_H3,Humanobservation,Plantae,Plantae,Poales,Carex sp,Sedge,Genus,1,5,
North,Medium,N2P_J,N2P_J3,Humanobservation,Plantae,Plantae,Caryophyllales,Cerastium fontanum,Little_mouse-ear_chickweed,Species,1,5,
North,Medium,N2P_F,N2P_F3,Humanobservation,Plantae,Plantae,Poales,Deschampsia cespitosa,Tufted_hair_grass,Species,1,80,
North,Medium,N2P_B,N2P_B2,Humanobservation,Plantae,Plantae,Poales,Deschampsia cespitosa,Tufted_hair_grass,Species,1,90,
South,Low,S3P_A,S3P_A3,Humanobservation,Plantae,Plantae,Poales,Deschampsia cespitosa,Tufted_hairgrass,Species,1,15,
South,Low,S3P_F,S3P_F3,Humanobservation,Plantae,Plantae,Poales,Deschampsia cespitosa,Tufted_hairgrass,Species,1,20,
South,Low,S3P_G,S3P_G3,Humanobservation,Plantae,Plantae,Poales,Deschampsia cespitosa,Tufted_hairgrass,Species,1,20,
South,Medium,S2P_D,S2P_D4,Humanobservation,Plantae,Plantae,Poales,Deschampsia cespitosa,Tufted_hairgrass,Species,1,5,
South,Medium,S2P_J,S2P_J2,Humanobservation,Plantae,Plantae,Poales,Deschampsia cespitosa,Tufted_hairgrass,Species,1,2,
North,High,N1P_F,N1P_F6,Humanobservation,Plantae,Plantae,Dicranales,Dicranum scoparium,Broom_fork-moss,Species,1,5,
North,High,N1P_B,N1P_B6,Humanobservation,Plantae,Plantae,Dicranales,Dicranum scoparium,Broom_fork-moss,Species,1,15,
North,High,N1P_F,N1P_F1,Humanobservation,Plantae,Plantae,Digitalis,Digitalis purpurea,Common_foxglove,Species,1,5,
North,High,N1P_A,N1P_A2,Humanobservation,Plantae,Plantae,Ericales,Erica cinerea,Bell_heather,Species,1,10,
North,High,N1P_B,N1P_B2,Humanobservation,Plantae,Plantae,Ericales,Erica cinerea,Bell_heather,Species,1,5,
North,High,N1P_C,N1P_C2,Humanobservation,Plantae,Plantae,Ericales,Erica cinerea,Bell_heather,Species,1,35,
North,High,N1P_D,N1P_D2,Humanobservation,Plantae,Plantae,Ericales,Erica cinerea,Bell_heather,Species,1,15,
North,High,N1P_F,N1P_F3,Humanobservation,Plantae,Plantae,Ericales,Erica cinerea,Bell_heather,Species,1,20,
North,High,N1P_G,N1P_G2,Humanobservation,Plantae,Plantae,Ericales,Erica cinerea,Bell_heather,Species,1,30,
North,High,N1P_H,N1P_H1,Humanobservation,Plantae,Plantae,Ericales,Erica cinerea,Bell_heather,Species,1,70,
North,High,N1P_I,N1P_I2,Humanobservation,Plantae,Plantae,Ericales,Erica cinerea,Bell_heather,Species,1,5,
North,High,N1P_J,N1P_J2,Humanobservation,Plantae,Plantae,Ericales,Erica cinerea,Bell_heather,Species,1,5,
North,Low,N3P_B,N3P_B4,Humanobservation,Plantae,Plantae,Gentianales,Galium mollugo,Hedge_bedstraw,Species,1,50,
North,Low,N3P_C,N3P_C2,Humanobservation,Plantae,Plantae,Gentianales,Galium mollugo,Hedge_bedstraw,Species,1,60,
North,Low,N3P_J,N3P_J3,Humanobservation,Plantae,Plantae,Gentianales,Galium mollugo,Hedge_bedstraw,Species,1,40,
North,High,N1P_E,N1P_E6,Humanobservation,Plantae,Plantae,Gentianales,Galium mollugo,Hedge_bedstraw,Species,1,80,
North,High,N1P_F,N1P_F8,Humanobservation,Plantae,Plantae,Gentianales,Galium mollugo,Hedge_bedstraw,Species,1,80,
North,High,N1P_G,N1P_G5,Humanobservation,Plantae,Plantae,Gentianales,Galium mollugo,Hedge_bedstraw,Species,1,20,
North,High,N1P_H,N1P_H4,Humanobservation,Plantae,Plantae,Gentianales,Galium mollugo,Hedge_bedstraw,Species,1,70,
North,Medium,N2P_J,N2P_J2,Humanobservation,Plantae,Plantae,Gentianales,Galium mollugo,Hedge_bedstraw,Species,1,60,
North,Medium,N2P_I,N2P_I3,Humanobservation,Plantae,Plantae,Gentianales,Galium mollugo,Hedge_bedstraw,Species,1,80,
North,Medium,N2P_H,N2P_H4,Humanobservation,Plantae,Plantae,Gentianales,Galium mollugo,Hedge_bedstraw,Species,1,70,
North,Medium,N2P_G,N2P_G3,Humanobservation,Plantae,Plantae,Gentianales,Galium mollugo,Hedge_bedstraw,Species,1,80,
North,Medium,N2P_F,N2P_F2,Humanobservation,Plantae,Plantae,Gentianales,Galium mollugo,Hedge_bedstraw,Species,1,80,
North,Medium,N2P_E,N2P_E5,Humanobservation,Plantae,Plantae,Gentianales,Galium mollugo,Hedge_bedstraw,Species,1,60,
North,Medium,N2P_D,N2P_D3,Humanobservation,Plantae,Plantae,Gentianales,Galium mollugo,Hedge_bedstraw,Species,1,70,
North,Medium,N2P_C,N2P_C4,Humanobservation,Plantae,Plantae,Gentianales,Galium mollugo,Hedge_bedstraw,Species,1,65,
North,Medium,N2P_B,N2P_B4,Humanobservation,Plantae,Plantae,Gentianales,Galium mollugo,Hedge_bedstraw,Species,1,20,
North,Medium,N2P_A,N20_A4,Humanobservation,Plantae,Plantae,Gentianales,Galium mollugo,Hedge_bedstraw,Species,1,60,
South,High,S1P_A,S1P_A3,Humanobservation,Plantae,Plantae,Gentianales,Galium saxatile,Heath_bedstraw,Species,1,40,
South,High,S1P_H,S1P_H5,Humanobservation,Plantae,Plantae,Gentianales,Galium saxatile,Heath_bedstraw,Species,1,40,
South,Medium,S2P_C,S2P_C4,Humanobservation,Plantae,Plantae,Gentianales,Galium saxatile,Heath_bedstraw,Species,1,35,
South,Medium,S2P_D,S2P_D5,Humanobservation,Plantae,Plantae,Gentianales,Galium saxatile,Heath_bedstraw,Species,1,10,
South,Medium,S2P_E,S2P_E5,Humanobservation,Plantae,Plantae,Gentianales,Galium saxatile,Heath_bedstraw,Species,1,25,
South,Medium,S2P_F,S2P_F5,Humanobservation,Plantae,Plantae,Gentianales,Galium saxatile,Heath_bedstraw,Species,1,10,
North,High,N1P_E,N1P_E5,Humanobservation,Plantae,Plantae,Poales,Holcus lanatus,Yorshire_fog,Species,1,20,
North,High,N1P_F,N1P_F5,Humanobservation,Plantae,Plantae,Poales,Holcus lanatus,Yorshire_fog,Species,1,10,
North,High,N1P_G,N1P_G4,Humanobservation,Plantae,Plantae,Poales,Holcus lanatus,Yorshire_fog,Species,1,10,
North,Medium,N2P_J,N2P_J4,Humanobservation,Plantae,Plantae,Poales,Holcus lanatus,Yorshire_fog,Species,1,33,
North,Medium,N2P_H,N2P_H3,Humanobservation,Plantae,Plantae,Poales,Holcus lanatus,Yorshire_fog,Species,1,30,
North,Medium,N2P_F,N2P_F1,Humanobservation,Plantae,Plantae,Poales,Holcus lanatus,Yorshire_fog,Species,1,20,
North,Medium,N2P_E,N2P_E2,Humanobservation,Plantae,Plantae,Poales,Holcus lanatus,Yorshire_fog,Species,1,10,
North,Medium,N2P_D,N2P_D5,Humanobservation,Plantae,Plantae,Poales,Holcus lanatus,Yorshire_fog,Species,1,80,
North,Medium,N2P_C,N2P_C1,Humanobservation,Plantae,Plantae,Poales,Holcus lanatus,Yorshire_fog,Species,1,20,
North,Medium,N2P_B,N2P_B3,Humanobservation,Plantae,Plantae,Poales,Holcus lanatus,Yorshire_fog,Species,1,10,
North,Medium,N2P_A,N20_A7,Humanobservation,Plantae,Plantae,Poales,Holcus lanatus,Yorshire_fog,Species,1,30,
South,Low,S3P_F,S3P_F4,Humanobservation,Plantae,Plantae,Poales,Holcus lanatus,Yorkshire_fog,Species,1,15,
South,Low,S3P_J,S3P_J4,Humanobservation,Plantae,Plantae,Poales,Holcus lanatus,Yorkshire_fog,Species,1,3,
South,High,S1P_A,S1P_A4,Humanobservation,Plantae,Plantae,Poales,Holcus lanatus,Yorkshire_fog,Species,1,5,
South,Medium,S2P_B,S2P_B3,Humanobservation,Plantae,Plantae,Poales,Holcus lanatus,Yorkshire_fog,Species,1,2,
South,Medium,S2P_D,S2P_D6,Humanobservation,Plantae,Plantae,Poales,Holcus lanatus,Yorkshire_fog,Species,1,5,
South,Medium,S2P_E,S2P_E4,Humanobservation,Plantae,Plantae,Poales,Holcus lanatus,Yorkshire_fog,Species,1,5,
South,Medium,S2P_G,S2P_G2,Humanobservation,Plantae,Plantae,Poales,Holcus lanatus,Yorkshire_fog,Species,1,10,
South,Medium,S2P_H,S2P_H2,Humanobservation,Plantae,Plantae,Poales,Holcus lanatus,Yorkshire_fog,Species,1,5,
South,Medium,S2P_I,S2P_I4,Humanobservation,Plantae,Plantae,Poales,Holcus lanatus,Yorkshire_fog,Species,1,5,
South,Medium,S2P_J,S2P_J1,Humanobservation,Plantae,Plantae,Poales,Holcus lanatus,Yorkshire_fog,Species,1,5,
North,Medium,N2P_B,N2P_B1,Humanobservation,Plantae,Plantae,Malpighiales,Hypericum perforatum,St._johns_wort,Species,1,5,
North,High,N1P_H,N1P_H3,Humanobservation,Plantae,Plantae,Poales,Juncus effusus,Soft_rush,Species,1,5,
South,Low,S3P_D,S3P_D2,Humanobservation,Plantae,Plantae,Poales,Juncus effusus,Soft_rush,Species,1,40,
South,Low,S3P_G,S3P_G2,Humanobservation,Plantae,Plantae,Poales,Juncus effusus,Soft_rush,Species,1,30,
South,Low,S3P_D,S3P_D1,Humanobservation,Plantae,Plantae,Poales,Juncus inflexus,Hard_rush,Species,1,40,
North,Low,N3P_D,N3P_D1,Humanobservation,Plantae,Plantae,Dipsacales,Lonicera periclymenum,European_honeysuckle,Species,1,20,
North,Medium,N2P_E,N2P_E1,Humanobservation,Plantae,Plantae,Ericales,Lysimachia nemorum,Yellow_pimpernel,Species,1,5,
South,Low,S3P_J,S3P_J1,Humanobservation,Plantae,Plantae,Fagales,Myrica gale,Bog_myrtle,Species,1,10,
South,Low,S3P_A,S3P_A2,Humanobservation,Plantae,Plantae,Poales,Nardus stricta,Mat_grass,Species,1,85,
South,Low,S3P_B,S3P_B3,Humanobservation,Plantae,Plantae,Poales,Nardus stricta,Mat_grass,Species,1,60,
South,Low,S3P_C,S3P_C3,Humanobservation,Plantae,Plantae,Poales,Nardus stricta,Mat_grass,Species,1,80,
South,Low,S3P_E,S3P_E1,Humanobservation,Plantae,Plantae,Poales,Nardus stricta,Mat_grass,Species,1,95,
South,Low,S3P_F,S3P_F1,Humanobservation,Plantae,Plantae,Poales,Nardus stricta,Mat_grass,Species,1,90,
South,Low,S3P_H,S3P_H2,Humanobservation,Plantae,Plantae,Poales,Nardus stricta,Mat_grass,Species,1,80,
South,Low,S3P_I,S3P_I2,Humanobservation,Plantae,Plantae,Poales,Nardus stricta,Mat_grass,Species,1,100,
South,High,S1P_A,S1P_A1,Humanobservation,Plantae,Plantae,Poales,Nardus stricta,Mat_grass,Species,1,100,
South,High,S1P_B,S1P_B1,Humanobservation,Plantae,Plantae,Poales,Nardus stricta,Mat_grass,Species,1,100,
South,High,S1P_C,S1P_C2,Humanobservation,Plantae,Plantae,Poales,Nardus stricta,Mat_grass,Species,1,100,
South,High,S1P_D,S1P_D2,Humanobservation,Plantae,Plantae,Poales,Nardus stricta,Mat_grass,Species,1,80,
South,High,S1P_E,S1P_E2,Humanobservation,Plantae,Plantae,Poales,Nardus stricta,Mat_grass,Species,1,90,
South,High,S1P_F,S1P_F1,Humanobservation,Plantae,Plantae,Poales,Nardus stricta,Mat_grass,Species,1,20,
South,High,S1P_G,S1P_G3,Humanobservation,Plantae,Plantae,Poales,Nardus stricta,Mat_grass,Species,1,90,
South,High,S1P_H,S1P_H3,Humanobservation,Plantae,Plantae,Poales,Nardus stricta,Mat_grass,Species,1,100,
South,Medium,S2P_A,S2P_A2,Humanobservation,Plantae,Plantae,Poales,Nardus stricta,Mat_grass,Species,1,90,
South,Medium,S2P_B,S2P_B2,Humanobservation,Plantae,Plantae,Poales,Nardus stricta,Mat_grass,Species,1,95,
South,Medium,S2P_C,S2P_C2,Humanobservation,Plantae,Plantae,Poales,Nardus stricta,Mat_grass,Species,1,95,
South,Medium,S2P_D,S2P_D1,Humanobservation,Plantae,Plantae,Poales,Nardus stricta,Mat_grass,Species,1,100,
South,Medium,S2P_E,S2P_E1,Humanobservation,Plantae,Plantae,Poales,Nardus stricta,Mat_grass,Species,1,90,
South,Medium,S2P_F,S2P_F4,Humanobservation,Plantae,Plantae,Poales,Nardus stricta,Mat_grass,Species,1,80,
South,Medium,S2P_G,S2P_G5,Humanobservation,Plantae,Plantae,Poales,Nardus stricta,Mat_grass,Species,1,95,
South,Medium,S2P_H,S2P_H5,Humanobservation,Plantae,Plantae,Poales,Nardus stricta,Mat_grass,Species,1,95,
South,Medium,S2P_I,S2P_I5,Humanobservation,Plantae,Plantae,Poales,Nardus stricta,Mat_grass,Species,1,40,
South,Medium,S2P_J,S2P_J4,Humanobservation,Plantae,Plantae,Poales,Nardus stricta,Mat_grass,Species,1,100,
North,Medium,N2P_A,N20_A6,Humanobservation,Plantae,Plantae,Oxalidales,Oxalis sp,Wood_sorrel,Genus,1,5,
South,Medium,S2P_F,S2P_F1,Humanobservation,Plantae,Plantae,Polytrichales,Polytrichum commune,Common_haircap,Species,1,30,
South,Medium,S2P_I,S2P_I1,Humanobservation,Plantae,Plantae,Polytrichales,Polytrichum commune,Common_haircap,Species,1,25,
North,Low,N3P_H,N3P_H4,Humanobservation,Plantae,Plantae,Rosales,Potentilla erecta,Tormentil,Species,1,5,
North,High,N1P_B,N1P_B4,Humanobservation,Plantae,Plantae,Rosales,Potentilla erecta,Tormentil,Species,1,5,
North,High,N1P_C,N1P_C5,Humanobservation,Plantae,Plantae,Rosales,Potentilla erecta,Tormentil,Species,1,5,
North,High,N1P_D,N1P_D4,Humanobservation,Plantae,Plantae,Rosales,Potentilla erecta,Tormentil,Species,1,5,
North,High,N1P_E,N1P_E4,Humanobservation,Plantae,Plantae,Rosales,Potentilla erecta,Tormentil,Species,1,10,
North,High,N1P_I,N1P_I3,Humanobservation,Plantae,Plantae,Rosales,Potentilla erecta,Tormentil,Species,1,5,
North,High,N1P_J,N1P_J3,Humanobservation,Plantae,Plantae,Rosales,Potentilla erecta,Tormentil,Species,1,5,
North,Medium,N2P_H,N2P_H1,Humanobservation,Plantae,Plantae,Rosales,Potentilla erecta,Tormentil,Species,1,5,
North,Medium,N2P_D,N2P_D4,Humanobservation,Plantae,Plantae,Rosales,Potentilla erecta,Tormentil,Species,1,5,
South,Low,S3P_E,S3P_E2,Humanobservation,Plantae,Plantae,Rosales,Potentilla erecta,Tormentil,Species,1,25,
South,Low,S3P_F,S3P_F2,Humanobservation,Plantae,Plantae,Rosales,Potentilla erecta,Tormentil,Species,1,15,
South,Low,S3P_H,S3P_H1,Humanobservation,Plantae,Plantae,Rosales,Potentilla erecta,Tormentil,Species,1,50,
South,High,S1P_A,S1P_A2,Humanobservation,Plantae,Plantae,Rosales,Potentilla erecta,Tormentil,Species,1,30,
South,High,S1P_B,S1P_B2,Humanobservation,Plantae,Plantae,Rosales,Potentilla erecta,Tormentil,Species,1,5,
South,High,S1P_D,S1P_D3,Humanobservation,Plantae,Plantae,Rosales,Potentilla erecta,Tormentil,Species,1,5,
South,High,S1P_G,S1P_G2,Humanobservation,Plantae,Plantae,Rosales,Potentilla erecta,Tormentil,Species,1,5,
South,High,S1P_H,S1P_H4,Humanobservation,Plantae,Plantae,Rosales,Potentilla erecta,Tormentil,Species,1,5,
South,Medium,S2P_D,S2P_D3,Humanobservation,Plantae,Plantae,Rosales,Potentilla erecta,Tormentil,Species,1,10,
South,Medium,S2P_E,S2P_E2,Humanobservation,Plantae,Plantae,Rosales,Potentilla erecta,Tormentil,Species,1,3,
South,Medium,S2P_F,S2P_F3,Humanobservation,Plantae,Plantae,Rosales,Potentilla erecta,Tormentil,Species,1,15,
South,Medium,S2P_G,S2P_G4,Humanobservation,Plantae,Plantae,Rosales,Potentilla erecta,Tormentil,Species,1,3,
South,Medium,S2P_H,S2P_H3,Humanobservation,Plantae,Plantae,Rosales,Potentilla erecta,Tormentil,Species,1,20,
South,Medium,S2P_I,S2P_I2,Humanobservation,Plantae,Plantae,Rosales,Potentilla erecta,Tormentil,Species,1,15,
South,Medium,S2P_C,S2P_C3,Humanobservation,Plantae,Plantae,Primulaceae,Primula vulgaris,Primrose,Species,1,10,
North,Low,N3P_A,N3P_A1,Humanobservation,Plantae,Plantae,Polypodiales,Pteridium aquilinum,Bracken,Species,1,100,
North,Low,N3P_B,N3P_B3,Humanobservation,Plantae,Plantae,Polypodiales,Pteridium aquilinum,Bracken,Species,1,100,
North,Low,N3P_C,N3P_C1,Humanobservation,Plantae,Plantae,Polypodiales,Pteridium aquilinum,Bracken,Species,1,100,
North,Low,N3P_D,N3P_D2,Humanobservation,Plantae,Plantae,Polypodiales,Pteridium aquilinum,Bracken,Species,1,100,
North,Low,N3P_E,N3P_E1,Humanobservation,Plantae,Plantae,Polypodiales,Pteridium aquilinum,Bracken,Species,1,100,
North,Low,N3P_F,N3P_F1,Humanobservation,Plantae,Plantae,Polypodiales,Pteridium aquilinum,Bracken,Species,1,100,
North,Low,N3P_G,N3P_G2,Humanobservation,Plantae,Plantae,Polypodiales,Pteridium aquilinum,Bracken,Species,1,100,
North,Low,N3P_H,N3P_H1,Humanobservation,Plantae,Plantae,Polypodiales,Pteridium aquilinum,Bracken,Species,1,100,
North,Low,N3P_I,N3P_I1,Humanobservation,Plantae,Plantae,Polypodiales,Pteridium aquilinum,Bracken,Species,1,100,
North,Low,N3P_J,N3P_J1,Humanobservation,Plantae,Plantae,Polypodiales,Pteridium aquilinum,Bracken,Species,1,100,
North,High,N1P_B,N1P_B3,Humanobservation,Plantae,Plantae,Polypodiales,Pteridium aquilinum,Bracken,Species,1,5,
North,High,N1P_C,N1P_C3,Humanobservation,Plantae,Plantae,Polypodiales,Pteridium aquilinum,Bracken,Species,1,10,
North,High,N1P_D,N1P_D3,Humanobservation,Plantae,Plantae,Polypodiales,Pteridium aquilinum,Bracken,Species,1,5,
North,High,N1P_E,N1P_E2,Humanobservation,Plantae,Plantae,Polypodiales,Pteridium aquilinum,Bracken,Species,1,10,
North,Medium,N2P_G,N2P_G1,Humanobservation,Plantae,Plantae,Polypodiales,Pteridium aquilinum,Bracken,Species,1,5,
North,Medium,N2P_D,N2P_D2,Humanobservation,Plantae,Plantae,Polypodiales,Pteridium aquilinum,Bracken,Species,1,10,
North,Medium,N2P_A,N20_A2,Humanobservation,Plantae,Plantae,Polypodiales,Pteridium aquilinum,Bracken,Species,1,5,
South,Low,S3P_I,S3P_I1,Humanobservation,Plantae,Plantae,Polypodiales,Pteridium aquilinum,Bracken,Species,1,15,
South,High,S1P_C,S1P_C1,Humanobservation,Plantae,Plantae,Polypodiales,Pteridium aquilinum,Bracken,Species,1,80,
South,High,S1P_D,S1P_D1,Humanobservation,Plantae,Plantae,Polypodiales,Pteridium aquilinum,Bracken,Species,1,15,
South,High,S1P_E,S1P_E1,Humanobservation,Plantae,Plantae,Polypodiales,Pteridium aquilinum,Bracken,Species,1,25,
South,High,S1P_F,S1P_F3,Humanobservation,Plantae,Plantae,Polypodiales,Pteridium aquilinum,Bracken,Species,1,30,
South,High,S1P_G,S1P_G1,Humanobservation,Plantae,Plantae,Polypodiales,Pteridium aquilinum,Bracken,Species,1,5,
South,High,S1P_H,S1P_H1,Humanobservation,Plantae,Plantae,Polypodiales,Pteridium aquilinum,Bracken,Species,1,35,
South,Medium,S2P_A,S2P_A1,Humanobservation,Plantae,Plantae,Polypodiales,Pteridium aquilinum,Bracken,Species,1,70,
South,Medium,S2P_C,S2P_C1,Humanobservation,Plantae,Plantae,Polypodiales,Pteridium aquilinum,Bracken,Species,1,30,
South,Medium,S2P_F,S2P_F2,Humanobservation,Plantae,Plantae,Polypodiales,Pteridium aquilinum,Bracken,Species,1,15,
South,Medium,S2P_G,S2P_G3,Humanobservation,Plantae,Plantae,Polypodiales,Pteridium aquilinum,Bracken,Species,1,3,
South,Medium,S2P_H,S2P_H4,Humanobservation,Plantae,Plantae,Polypodiales,Pteridium aquilinum,Bracken,Species,1,5,
North,Low,N3P_H,N3P_H2,Humanobservation,Plantae,Plantae,Ranunculales,Ranunculus repens,Creeping_buttercup,Species,1,25,
North,High,N1P_G,N1P_G6,Humanobservation,Plantae,Plantae,Ranunculales,Ranunculus repens,Creeping_buttercup,Species,1,5,
North,High,N1P_H,N1P_H5,Humanobservation,Plantae,Plantae,Ranunculales,Ranunculus repens,Creeping_buttercup,Species,1,5,
North,Low,N3P_C,N3P_C4,Humanobservation,Plantae,Plantae,Hypnales,Rhytidiadelphus triquetrus,Big_shaggy-moss,Species,1,100,
North,Low,N3P_D,N3P_D3,Humanobservation,Plantae,Plantae,Hypnales,Rhytidiadelphus triquetrus,Big_shaggy-moss,Species,1,50,
North,Low,N3P_F,N3P_F3,Humanobservation,Plantae,Plantae,Hypnales,Rhytidiadelphus triquetrus,Big_shaggy-moss,Species,1,40,
North,Low,N3P_G,N3P_G3,Humanobservation,Plantae,Plantae,Hypnales,Rhytidiadelphus triquetrus,Big_shaggy-moss,Species,1,40,
North,Low,N3P_H,N3P_H3,Humanobservation,Plantae,Plantae,Hypnales,Rhytidiadelphus triquetrus,Big_shaggy-moss,Species,1,60,
North,Low,N3P_J,N3P_J7,Humanobservation,Plantae,Plantae,Hypnales,Rhytidiadelphus triquetrus,Big_shaggy-moss,Species,1,60,
North,High,N1P_A,N1P_A3,Humanobservation,Plantae,Plantae,Hypnales,Rhytidiadelphus triquetrus,Big_shaggy-moss,Species,1,80,
North,High,N1P_B,N1P_B5,Humanobservation,Plantae,Plantae,Hypnales,Rhytidiadelphus triquetrus,Big_shaggy-moss,Species,1,80,
North,High,N1P_C,N1P_C4,Humanobservation,Plantae,Plantae,Hypnales,Rhytidiadelphus triquetrus,Big_shaggy-moss,Species,1,90,
North,High,N1P_D,N1P_D5,Humanobservation,Plantae,Plantae,Hypnales,Rhytidiadelphus triquetrus,Big_shaggy-moss,Species,1,90,
North,High,N1P_F,N1P_F4,Humanobservation,Plantae,Plantae,Hypnales,Rhytidiadelphus triquetrus,Big_shaggy-moss,Species,1,80,
North,High,N1P_G,N1P_G3,Humanobservation,Plantae,Plantae,Hypnales,Rhytidiadelphus triquetrus,Big_shaggy-moss,Species,1,50,
North,High,N1P_H,N1P_H6,Humanobservation,Plantae,Plantae,Hypnales,Rhytidiadelphus triquetrus,Big_shaggy-moss,Species,1,40,
North,High,N1P_I,N1P_I4,Humanobservation,Plantae,Plantae,Hypnales,Rhytidiadelphus triquetrus,Big_shaggy-moss,Species,1,90,
North,High,N1P_J,N1P_J4,Humanobservation,Plantae,Plantae,Hypnales,Rhytidiadelphus triquetrus,Big_shaggy-moss,Species,1,90,
North,Medium,N2P_I,N2P_I4,Humanobservation,Plantae,Plantae,Hypnales,Rhytidiadelphus triquetrus,Big_shaggy-moss,Species,1,90,
North,Medium,N2P_H,N2P_H5,Humanobservation,Plantae,Plantae,Hypnales,Rhytidiadelphus triquetrus,Big_shaggy-moss,Species,1,90,
North,Medium,N2P_A,N20_A5,Humanobservation,Plantae,Plantae,Hypnales,Rhytidiadelphus triquetrus,Big_shaggy-moss,Species,1,50,
South,High,S1P_C,S1P_C3,Humanobservation,Plantae,Plantae,Hypnales,Rhytidiadelphus triquetrus,Big_shaggy-moss,Species,1,20,
South,Medium,S2P_D,S2P_D2,Humanobservation,Plantae,Plantae,Hypnales,Rhytidiadelphus triquetrus,Big_shaggy-moss,Species,1,10,
North,Low,N3P_B,N3P_B1,Humanobservation,Plantae,Plantae,Rosales,Rubus fruticosus,European_blackberry,Species,1,20,
North,Low,N3P_C,N3P_C3,Humanobservation,Plantae,Plantae,Rosales,Rubus fruticosus,European_blackberry,Species,1,10,
North,Low,N3P_E,N3P_E2,Humanobservation,Plantae,Plantae,Rosales,Rubus fruticosus,European_blackberry,Species,1,25,
North,Low,N3P_F,N3P_F2,Humanobservation,Plantae,Plantae,Rosales,Rubus fruticosus,European_blackberry,Species,1,60,
North,Low,N3P_G,N3P_G1,Humanobservation,Plantae,Plantae,Rosales,Rubus fruticosus,European_blackberry,Species,1,33,
North,Low,N3P_H,N3P_H5,Humanobservation,Plantae,Plantae,Rosales,Rubus fruticosus,European_blackberry,Species,1,35,
North,Low,N3P_I,N3P_I2,Humanobservation,Plantae,Plantae,Rosales,Rubus fruticosus,European_blackberry,Species,1,10,
North,Low,N3P_J,N3P_J2,Humanobservation,Plantae,Plantae,Rosales,Rubus fruticosus,European_blackberry,Species,1,33,
North,Low,N3P_J,N3P_J4,Humanobservation,Plantae,Plantae,Rosales,Rubus fruticosus,European_blackberry,Species,1,3,
North,Medium,N2P_D,N2P_D1,Humanobservation,Plantae,Plantae,Rosales,Rubus fruticosus,European_blackberry,Species,1,10,
South,Low,S3P_J,S3P_J2,Humanobservation,Plantae,Plantae,Sphagnales,Sphagnum sp,Sphagnum_moss,Genus,1,5,
North,Low,N3P_C,N3P_C5,Humanobservation,Plantae,Plantae,Lamiales,Teucrium scorodonia,Wood_sage,Species,1,15,
North,Low,N3P_D,N3P_D4,Humanobservation,Plantae,Plantae,Lamiales,Teucrium scorodonia,Wood_sage,Species,1,5,
North,High,N1P_A,N1P_A4,Humanobservation,Plantae,Plantae,Lamiales,Teucrium scorodonia,Wood_sage,Species,1,5,
North,High,N1P_E,N1P_E1,Humanobservation,Plantae,Plantae,Lamiales,Teucrium scorodonia,Wood_sage,Species,1,15,
North,High,N1P_F,N1P_F7,Humanobservation,Plantae,Plantae,Lamiales,Teucrium scorodonia,Wood_sage,Species,1,5,
South,Low,S3P_B,S3P_B1,Humanobservation,Plantae,Plantae,Fabales,Trifolium repens,White_clover,Species,1,85,
South,Low,S3P_C,S3P_C2,Humanobservation,Plantae,Plantae,Fabales,Trifolium repens,White_clover,Species,1,20,
North,Low,N3P_J,N3P_J6,Humanobservation,Plantae,Plantae,Fabales,Ulex europaeus,Gorse,Species,1,10,
South,Low,S3P_A,S3P_A1,Humanobservation,Plantae,Plantae,Rosales,Urtica dioica,Common_nettle,Species,1,15,
South,High,S1P_E,S1P_E3,Humanobservation,Plantae,Plantae,Rosales,Urtica dioica,Common_nettle,Species,1,5,
North,Medium,N2P_E,N2P_E4,Humanobservation,Plantae,Plantae,Malpighiales,Viola palustris,Marsh_violet,Species,1,5,
North,Medium,N2P_C,N2P_C3,Humanobservation,Plantae,Plantae,Malpighiales,Viola palustris,Marsh_violet,Species,1,5,
South,High,S1P_F,S1P_F2,Humanobservation,Plantae,Plantae,Malpighiales,Viola palustris,Marsh_violet,Species,1,8,
South,High,S1P_H,S1P_H2,Humanobservation,Plantae,Plantae,Malpighiales,Viola palustris,Marsh_violet,Species,1,20,