LSID,Species Name,Taxon Concept,Taxon Rank,Kingdom,Phylum,Class,Order,Family,Genus,Vernacular Name,Number of records,Invasive,,
Acanthis cabaret|NHMSYS0021004312|Lesser Redpoll|Animalia|Fringillidae,Acanthis cabaret,"(Müller, PLS, 1776)",,SPECIES,Animalia,Chordata,Aves,Passeriformes,Fringillidae,Acanthis,Acanthis cabaret,,42,
Acronicta psi|NBNSYS0000006379|Grey Dagger|Animalia|Noctuidae,Acronicta psi,"(Linnaeus, 1758)",,SPECIES,Animalia,Arthropoda,Insecta,Lepidoptera,Noctuidae,Acronicta,Acronicta psi,,2,
Acronicta rumicis|NBNSYS0000006384|Knot Grass|Animalia|Noctuidae,Acronicta rumicis,"(Linnaeus, 1758)",,SPECIES,Animalia,Arthropoda,Insecta,Lepidoptera,Noctuidae,Acronicta,Acronicta rumicis,,1,
Alauda arvensis|NHMSYS0000530139|Skylark|Animalia|Alaudidae,Alauda arvensis,"Linnaeus, 1758",,SPECIES,Animalia,Chordata,Aves,Passeriformes,Alaudidae,Alauda,Alauda arvensis,,40,
Alcedo atthis|NHMSYS0000530141|Kingfisher|Animalia|Alcedinidae,Alcedo atthis,"(Linnaeus, 1758)",,SPECIES,Animalia,Chordata,Aves,Coraciiformes,Alcedinidae,Alcedo,Alcedo atthis,,3,
Allophyes oxyacanthae|NBNSYS0000006338|Green-brindled Crescent|Animalia|Noctuidae,Allophyes oxyacanthae,"(Linnaeus, 1758)",,SPECIES,Animalia,Arthropoda,Insecta,Lepidoptera,Noctuidae,Allophyes,Allophyes oxyacanthae,,1,
Alopecurus myosuroides|NHMSYS0000455779|Black-grass|Plantae|Poaceae,Alopecurus myosuroides,Huds.,,SPECIES,Plantae,Tracheophyta,Magnoliopsida,Poales,Poaceae,Alopecurus,Alopecurus myosuroides,,2,Global Register of Introduced and Invasive Species - Great Britain
Amphipoea oculea|NBNSYS0000006465|Ear Moth|Animalia|Noctuidae,Amphipoea oculea,"(Linnaeus, 1761)",,SPECIES,Animalia,Arthropoda,Insecta,Lepidoptera,Noctuidae,Amphipoea,Amphipoea oculea,,2,
Amphipyra tragopoginis|NBNSYS0000006395|Mouse Moth|Animalia|Noctuidae,Amphipyra tragopoginis,"(Clerck, 1759)",,SPECIES,Animalia,Arthropoda,Insecta,Lepidoptera,Noctuidae,Amphipyra,Amphipyra tragopoginis,,4,
Anguilla anguilla|NBNSYS0000188599|European Eel|Animalia|Anguillidae,Anguilla anguilla,"(Linnaeus, 1758)",,SPECIES,Animalia,Chordata,Actinopterygii,Anguilliformes,Anguillidae,Anguilla,Anguilla anguilla,,19,
Anguis fragilis|NBNSYS0000005072|Slow-worm|Animalia|Anguidae,Anguis fragilis,"Linnaeus, 1758",,SPECIES,Animalia,Chordata,Reptilia,Squamata,Anguidae,Anguis,Anguis fragilis,,18,
Anser albifrons|NHMSYS0000530149|White-fronted Goose|Animalia|Anatidae,Anser albifrons,"(Scopoli, 1769)",,SPECIES,Animalia,Chordata,Aves,Anseriformes,Anatidae,Anser,Anser albifrons,,1,Global Register of Introduced and Invasive Species - Great Britain
Anthus trivialis|NHMSYS0000530162|Tree Pipit|Animalia|Motacillidae,Anthus trivialis,"(Linnaeus, 1758)",,SPECIES,Animalia,Chordata,Aves,Passeriformes,Motacillidae,Anthus,Anthus trivialis,,26,
Apamea remissa|NHMSYS0021144661|Dusky Brocade|Animalia|Noctuidae,Apamea remissa,"(Hübner, [1809])",,SPECIES,Animalia,Arthropoda,Insecta,Lepidoptera,Noctuidae,Apamea,Apamea remissa,,4,
Apium graveolens|NBNSYS0000003663|Wild Celery|Plantae|Apiaceae,Apium graveolens,L.,,SPECIES,Plantae,Tracheophyta,Magnoliopsida,Apiales,Apiaceae,Apium,Apium graveolens,,2,
Apus apus|NHMSYS0000530165|Swift|Animalia|Apodidae,Apus apus,"(Linnaeus, 1758)",,SPECIES,Animalia,Chordata,Aves,Apodiformes,Apodidae,Apus,Apus apus,,8,
Aquila chrysaetos|NHMSYS0000530170|Golden Eagle|Animalia|Accipitridae,Aquila chrysaetos,"(Linnaeus, 1758)",,SPECIES,Animalia,Chordata,Aves,Accipitriformes,Accipitridae,Aquila,Aquila chrysaetos,,25,
Arctia caja|NBNSYS0000006143|Garden Tiger|Animalia|Erebidae,Arctia caja,"(Linnaeus, 1758)",,SPECIES,Animalia,Arthropoda,Insecta,Lepidoptera,Erebidae,Arctia,Arctia caja,,5,
Asio flammeus|NHMSYS0000530180|Short-eared Owl|Animalia|Strigidae,Asio flammeus,"(Pontoppidan, 1763)",,SPECIES,Animalia,Chordata,Aves,Strigiformes,Strigidae,Asio,Asio flammeus,,27,
Boloria selene|NHMSYS0021143547|Small Pearl-bordered Fritillary|Animalia|Nymphalidae,Boloria selene,"([Denis & Schiffermüller], 1775)",,SPECIES,Animalia,Arthropoda,Insecta,Lepidoptera,Nymphalidae,Boloria,Boloria selene,,46,
Bombus monticola|NHMSYS0000875571|Bilberry Bumblebee|Animalia|Apidae,Bombus monticola,"Smith, 1849",,SPECIES,Animalia,Arthropoda,Insecta,Hymenoptera,Apidae,Bombus,Bombus monticola,,2,
Bufo bufo|NHMSYS0000080159|Common Toad|Animalia|Bufonidae,Bufo bufo,"(Linnaeus, 1758)",,SPECIES,Animalia,Chordata,Amphibia,Anura,Bufonidae,Bufo,Bufo bufo,,19,
Calidris alpina|NBNSYS0000000035|Dunlin|Animalia|Scolopacidae,Calidris alpina,"(Linnaeus, 1758)",,SPECIES,Animalia,Chordata,Aves,Charadriiformes,Scolopacidae,Calidris,Calidris alpina,,4,
Caloplaca britannica|NHMSYS0001476629||Fungi|Teloschistaceae,Caloplaca britannica,R. Sant.,,SPECIES,Fungi,Ascomycota,Lecanoromycetes,Teloschistales,Teloschistaceae,Caloplaca,Caloplaca britannica,,1,
Caloplaca crenularia|NBNSYS0000020528||Fungi|Teloschistaceae,Caloplaca crenularia,(With.) J.R. Laundon,,SPECIES,Fungi,Ascomycota,Lecanoromycetes,Teloschistales,Teloschistaceae,Caloplaca,Caloplaca crenularia,,6,
Cephalanthera longifolia|NBNSYS0000002286|Narrow-leaved Helleborine|Plantae|Orchidaceae,Cephalanthera longifolia,(L.) Fritsch,,SPECIES,Plantae,Tracheophyta,Magnoliopsida,Asparagales,Orchidaceae,Cephalanthera,Cephalanthera longifolia,,1,
Ceramica pisi|NBNSYS0000006254|Broom Moth|Animalia|Noctuidae,Ceramica pisi,"(Linnaeus, 1758)",,SPECIES,Animalia,Arthropoda,Insecta,Lepidoptera,Noctuidae,Melanchra,Ceramica pisi,,6,
Chiasmia clathrata|NBNSYS0100002337|Latticed Heath|Animalia|Geometridae,Chiasmia clathrata,"(Linnaeus, 1758)",,SPECIES,Animalia,Arthropoda,Insecta,Lepidoptera,Geometridae,Chiasmia,Chiasmia clathrata,,1,
Chroicocephalus ridibundus|NHMSYS0020962539|Black-headed Gull|Animalia|Laridae,Chroicocephalus ridibundus,"(Linnaeus, 1766)",,SPECIES,Animalia,Chordata,Aves,Charadriiformes,Laridae,Chroicocephalus,Chroicocephalus ridibundus,,27,
Circus cyaneus|NHMSYS0000530294|Hen Harrier|Animalia|Accipitridae,Circus cyaneus,"(Linnaeus, 1766)",,SPECIES,Animalia,Chordata,Aves,Accipitriformes,Accipitridae,Circus,Circus cyaneus,,147,
Cochlearia officinalis subsp. scotica|NHMSYS0000457402|Scottish Scurvygrass|Plantae|Brassicaceae,Cochlearia officinalis subsp. scotica,(Druce) P.S. Wyse Jacks.,,SUBSPECIES,Plantae,Tracheophyta,Magnoliopsida,Brassicales,Brassicaceae,Cochlearia,Cochlearia officinalis,,5,
Coenonympha pamphilus|NHMSYS0000519083|Small Heath|Animalia|Nymphalidae,Coenonympha pamphilus,"(Linnaeus, 1758)",,SPECIES,Animalia,Arthropoda,Insecta,Lepidoptera,Nymphalidae,Coenonympha,Coenonympha pamphilus,,115,
Coenonympha tullia|NHMSYS0000519078|Large Heath|Animalia|Nymphalidae,Coenonympha tullia,"(Müller, 1764)",,SPECIES,Animalia,Arthropoda,Insecta,Lepidoptera,Nymphalidae,Coenonympha,Coenonympha tullia,,8,
Contacyphon hilaris|NHMSYS0021422149||Animalia|Scirtidae,Contacyphon hilaris,"(Nyholm, 1944)",,SPECIES,Animalia,Arthropoda,Insecta,Coleoptera,Scirtidae,Contacyphon,Contacyphon hilaris,,2,
Corvus cornix|NHMSYS0000530314|Hooded Crow|Animalia|Corvidae,Corvus cornix,"Linnaeus, 1758",,SPECIES,Animalia,Chordata,Aves,Passeriformes,Corvidae,Corvus,Corvus cornix,,284,
Crex crex|NHMSYS0000530322|Corncrake|Animalia|Rallidae,Crex crex,"(Linnaeus, 1758)",,SPECIES,Animalia,Chordata,Aves,Gruiformes,Rallidae,Crex,Crex crex,,1,
Cuculus canorus|NHMSYS0000530324|Cuckoo|Animalia|Cuculidae,Cuculus canorus,"Linnaeus, 1758",,SPECIES,Animalia,Chordata,Aves,Cuculiformes,Cuculidae,Cuculus,Cuculus canorus,,262,
Cygnus cygnus|NBNSYS0000000199|Whooper Swan|Animalia|Anatidae,Cygnus cygnus,"(Linnaeus, 1758)",,SPECIES,Animalia,Chordata,Aves,Anseriformes,Anatidae,Cygnus,Cygnus cygnus,,1,
Ditrichum flexicaule|NHMSYS0000310869||Plantae|Ditrichaceae,Ditrichum flexicaule,,s.l.,SPECIES_AGGREGATE,Plantae,Bryophyta,Bryopsida,Dicranales,Ditrichaceae,Ditrichum,,,1,
Ecliptopera silaceata|NHMSYS0021143991|Small Phoenix|Animalia|Geometridae,Ecliptopera silaceata,"([Denis & Schiffermüller], 1775)",,SPECIES,Animalia,Arthropoda,Insecta,Lepidoptera,Geometridae,Ecliptopera,Ecliptopera silaceata,,1,
Emberiza citrinella|NHMSYS0000530727|Yellowhammer|Animalia|Emberizidae,Emberiza citrinella,"Linnaeus, 1758",,SPECIES,Animalia,Chordata,Aves,Passeriformes,Emberizidae,Emberiza,Emberiza citrinella,,8,
Emberiza schoeniclus|NHMSYS0000530734|Reed Bunting|Animalia|Emberizidae,Emberiza schoeniclus,"(Linnaeus, 1758)",,SPECIES,Animalia,Chordata,Aves,Passeriformes,Emberizidae,Emberiza,Emberiza schoeniclus,,53,
Entoloma indutoides|NHMSYS0001481571|Drab Pinkgill|Fungi|Entolomataceae,Entoloma indutoides,(P.D. Orton) Noordel.,,SPECIES,Fungi,Basidiomycota,Agaricomycetes,Agaricales,Entolomataceae,Entoloma,Entoloma indutoides,,1,
Erinaceus europaeus|NBNSYS0000005078|Hedgehog|Animalia|Erinaceidae,Erinaceus europaeus,"Linnaeus, 1758",,SPECIES,Animalia,Chordata,Mammalia,Insectivora,Erinaceidae,Erinaceus,Erinaceus europaeus,,4,
Eugnorisma glareosa|NHMSYS0000502566|Autumnal Rustic|Animalia|Noctuidae,Eugnorisma glareosa,"(Esper, 1788)",,SPECIES,Animalia,Arthropoda,Insecta,Lepidoptera,Noctuidae,Eugnorisma,Eugnorisma glareosa,,5,
Euphorbia helioscopia|NBNSYS0000003732|Sun Spurge|Plantae|Euphorbiaceae,Euphorbia helioscopia,L.,,SPECIES,Plantae,Tracheophyta,Magnoliopsida,Malpighiales,Euphorbiaceae,Euphorbia,Euphorbia helioscopia,,1,
Falco columbarius|NHMSYS0000530743|Merlin|Animalia|Falconidae,Falco columbarius,"Linnaeus, 1758",,SPECIES,Animalia,Chordata,Aves,Falconiformes,Falconidae,Falco,Falco columbarius,,21,
Falco peregrinus|NHMSYS0000530354|Peregrine|Animalia|Falconidae,Falco peregrinus,"Tunstall, 1771",,SPECIES,Animalia,Chordata,Aves,Falconiformes,Falconidae,Falco,Falco peregrinus,,68,
Falco tinnunculus|NHMSYS0000530358|Kestrel|Animalia|Falconidae,Falco tinnunculus,"Linnaeus, 1758",,SPECIES,Animalia,Chordata,Aves,Falconiformes,Falconidae,Falco,Falco tinnunculus,,219,
Fallopia convolvulus|NHMSYS0000458715|Black-bindweed|Plantae|Polygonaceae,Fallopia convolvulus,(L.) Á. Löve,,SPECIES,Plantae,Tracheophyta,Magnoliopsida,Caryophyllales,Polygonaceae,Fallopia,Fallopia convolvulus,,2,UK Biodiversity Indicators 2023. Indicator B6: Pressure from invasive species
Fringilla montifringilla|NHMSYS0000530368|Brambling|Animalia|Fringillidae,Fringilla montifringilla,"Linnaeus, 1758",,SPECIES,Animalia,Chordata,Aves,Passeriformes,Fringillidae,Fringilla,Fringilla montifringilla,,5,
Fumaria capreolata|NBNSYS0000002783|White Ramping-fumitory|Plantae|Papaveraceae,Fumaria capreolata,L.,,SPECIES,Plantae,Tracheophyta,Magnoliopsida,Ranunculales,Papaveraceae,Fumaria,Fumaria capreolata,,4,
Fumaria purpurea|NBNSYS0000002784|Purple Ramping-fumitory|Plantae|Papaveraceae,Fumaria purpurea,Pugsley,,SPECIES,Plantae,Tracheophyta,Magnoliopsida,Ranunculales,Papaveraceae,Fumaria,Fumaria purpurea,,1,
Galeopsis speciosa|NHMSYS0000458954|Large-flowered Hemp-nettle|Plantae|Lamiaceae,Galeopsis speciosa,Mill.,,SPECIES,Plantae,Tracheophyta,Magnoliopsida,Lamiales,Lamiaceae,Galeopsis,Galeopsis speciosa,,1,
Gavia arctica|NBNSYS0000000219|Black-throated Diver|Animalia|Gaviidae,Gavia arctica,"(Linnaeus, 1758)",,SPECIES,Animalia,Chordata,Aves,Gaviiformes,Gaviidae,Gavia,Gavia arctica,,40,
Gavia immer|NBNSYS0000000220|Great Northern Diver|Animalia|Gaviidae,Gavia immer,"(Brünnich, 1764)",,SPECIES,Animalia,Chordata,Aves,Gaviiformes,Gaviidae,Gavia,Gavia immer,,102,
Gavia stellata|NBNSYS0000000218|Red-throated Diver|Animalia|Gaviidae,Gavia stellata,"(Pontoppidan, 1763)",,SPECIES,Animalia,Chordata,Aves,Gaviiformes,Gaviidae,Gavia,Gavia stellata,,57,
Gentianella campestris|NHMSYS0000459024|Field Gentian|Plantae|Gentianaceae,Gentianella campestris,(L.) Börner,,SPECIES,Plantae,Tracheophyta,Magnoliopsida,Gentianales,Gentianaceae,Gentianella,Gentianella campestris,,13,
Gnaphalium sylvaticum|NBNSYS0000004408|Heath Cudweed|Plantae|Asteraceae,Gnaphalium sylvaticum,L.,,SPECIES,Plantae,Tracheophyta,Magnoliopsida,Asterales,Asteraceae,Gnaphalium,Gnaphalium sylvaticum,,2,
Haliaeetus albicilla|NBNSYS0000000281|White-tailed Eagle|Animalia|Accipitridae,Haliaeetus albicilla,"(Linnaeus, 1758)",,SPECIES,Animalia,Chordata,Aves,Accipitriformes,Accipitridae,Haliaeetus,Haliaeetus albicilla,,1,
Hedwigia ciliata|NHMSYS0000310882||Plantae|Hedwigiaceae,Hedwigia ciliata,,s.l.,SPECIES_AGGREGATE,Plantae,Bryophyta,Bryopsida,Hedwigiales,Hedwigiaceae,Hedwigia,,,3,
Hepialus humuli|NBNSYS0000005307|Ghost Moth|Animalia|Hepialidae,Hepialus humuli,"(Linnaeus, 1758)",,SPECIES,Animalia,Arthropoda,Insecta,Lepidoptera,Hepialidae,Hepialus,Hepialus humuli,,1,
Hipparchia semele|NHMSYS0000520428|Grayling|Animalia|Nymphalidae,Hipparchia semele,"(Linnaeus, 1758)",,SPECIES,Animalia,Arthropoda,Insecta,Lepidoptera,Nymphalidae,Hipparchia,Hipparchia semele,,11,
Hydraecia micacea|NBNSYS0000006466|Rosy Rustic|Animalia|Noctuidae,Hydraecia micacea,"(Esper, 1789)",,SPECIES,Animalia,Arthropoda,Insecta,Lepidoptera,Noctuidae,Hydraecia,Hydraecia micacea,,4,
Hydrobates pelagicus|NBNSYS0000000236|Storm Petrel|Animalia|Hydrobatidae,Hydrobates pelagicus,"(Linnaeus, 1758)",,SPECIES,Animalia,Chordata,Aves,Procellariiformes,Hydrobatidae,Hydrobates,Hydrobates pelagicus,,1,
Hydroporus longulus|NHMSYS0001718521||Animalia|Dytiscidae,Hydroporus longulus,"Mulsant & Rey, 1861",,SPECIES,Animalia,Arthropoda,Insecta,Coleoptera,Dytiscidae,Hydroporus,Hydroporus longulus,,2,
Hypotrachyna endochlora|NHMSYS0001485114||Fungi|Parmeliaceae,Hypotrachyna endochlora,(Leight.) Hale,,SPECIES,Fungi,Ascomycota,Lecanoromycetes,Lecanorales,Parmeliaceae,Hypotrachyna,Hypotrachyna endochlora,,3,
Juniperus communis|NBNSYS0000004634|Juniper|Plantae|Cupressaceae,Juniperus communis,L.,,SPECIES,Plantae,Tracheophyta,Pinopsida,Pinales,Cupressaceae,Juniperus,Juniperus communis,,13,
Laccobius atratus|NHMSYS0001718650||Animalia|Hydrophilidae,Laccobius atratus,"Rottenberg, 1874",,SPECIES,Animalia,Arthropoda,Insecta,Coleoptera,Hydrophilidae,Laccobius,Laccobius atratus,,1,
Lagopus lagopus scotica|NHMSYS0000533983|Red Grouse (scotica)|Animalia|Phasianidae,Lagopus lagopus scotica,"(Latham, 1787)",,SUBSPECIES,Animalia,Chordata,Aves,Galliformes,Phasianidae,Lagopus,Lagopus lagopus,,10,
Larus argentatus|NBNSYS0000000038|Herring Gull|Animalia|Laridae,Larus argentatus,"Pontoppidan, 1763",,SPECIES,Animalia,Chordata,Aves,Charadriiformes,Laridae,Larus,Larus argentatus,,486,
Lecania cyrtella|NHMSYS0001486275||Fungi|Ramalinaceae,Lecania cyrtella,(Ach.) Th. Fr.,,SPECIES,Fungi,Ascomycota,Lecanoromycetes,Lecanorales,Ramalinaceae,Lecania,Lecania cyrtella,,3,
Leptogium saturninum|NBNSYS0000018787||Fungi|Collemataceae,Leptogium saturninum,(Dicks.) Nyl.,,SPECIES,Fungi,Ascomycota,Lecanoromycetes,Peltigerales,Collemataceae,Leptogium,Leptogium saturninum,,1,
Lepus europaeus|NHMSYS0000080218|Brown Hare|Animalia|Leporidae,Lepus europaeus,"Pallas, 1778",,SPECIES,Animalia,Chordata,Mammalia,Lagomorpha,Leporidae,Lepus,Lepus europaeus,,6,The Wildlife (Northern Ireland) Order 1985 – Schedule 9|Non-native species of interest to Northern Ireland
Lepus timidus|NBNSYS0000005106|Mountain Hare|Animalia|Leporidae,Lepus timidus,"Linnaeus, 1758",,SPECIES,Animalia,Chordata,Mammalia,Lagomorpha,Leporidae,Lepus,Lepus timidus,,1,
Linaria cannabina|NHMSYS0021004282|Linnet|Animalia|Fringillidae,Linaria cannabina,"(Linnaeus, 1758)",,SPECIES,Animalia,Chordata,Aves,Passeriformes,Fringillidae,Linaria,Linaria cannabina,,28,
Linnaea borealis|NBNSYS0000004330|Twinflower|Plantae|Caprifoliaceae,Linnaea borealis,L.,,SPECIES,Plantae,Tracheophyta,Magnoliopsida,Dipsacales,Caprifoliaceae,Linnaea,Linnaea borealis,,1,
Lithospermum officinale|NBNSYS0000004016|Common Gromwell|Plantae|Boraginaceae,Lithospermum officinale,L.,,SPECIES,Plantae,Tracheophyta,Magnoliopsida,,Boraginaceae,Lithospermum,Lithospermum officinale,,2,
Lobaria pulmonaria|NBNSYS0000019311|Lungwort Lichen|Fungi|Lobariaceae,Lobaria pulmonaria,(L.) Hoffm.,,SPECIES,Fungi,Ascomycota,Lecanoromycetes,Peltigerales,Lobariaceae,Lobaria,Lobaria pulmonaria,,3,
Lobarina scrobiculata|BMSSYS0000010725||Fungi|Lobariaceae,Lobarina scrobiculata,(Scop.) Nyl. ex Cromb.,,SPECIES,Fungi,Ascomycota,Lecanoromycetes,Peltigerales,Lobariaceae,Lobarina,Lobarina scrobiculata,,2,
Locustella naevia|NHMSYS0000530444|Grasshopper Warbler|Animalia|Locustellidae,Locustella naevia,"(Boddaert, 1783)",,SPECIES,Animalia,Chordata,Aves,Passeriformes,Locustellidae,Locustella,Locustella naevia,,2,
Lutra lutra|NBNSYS0000005133|Otter|Animalia|Mustelidae,Lutra lutra,"(Linnaeus, 1758)",,SPECIES,Animalia,Chordata,Mammalia,Carnivora,Mustelidae,Lutra,Lutra lutra,,24,
Lycopodiella inundata|NBNSYS0000002001|Marsh Clubmoss|Plantae|Lycopodiaceae,Lycopodiella inundata,(L.) Holub,,SPECIES,Plantae,Tracheophyta,Lycopodiopsida,Lycopodiales,Lycopodiaceae,Lycopodiella,Lycopodiella inundata,,9,
Lyrurus tetrix|NBNSYS0000172474|Black Grouse|Animalia|Phasianidae,Lyrurus tetrix,"(Linnaeus, 1758)",,SPECIES,Animalia,Chordata,Aves,Galliformes,Phasianidae,Lyrurus,Lyrurus tetrix,,1,
Melanitta nigra|NBNSYS0000000196|Common Scoter|Animalia|Anatidae,Melanitta nigra,"(Linnaeus, 1758)",,SPECIES,Animalia,Chordata,Aves,Anseriformes,Anatidae,Melanitta,Melanitta nigra,,1,
Meloe violaceus|NBNSYS0000024952|Violet Oil-beetle|Animalia|Meloidae,Meloe violaceus,"Marsham, 1802",,SPECIES,Animalia,Arthropoda,Insecta,Coleoptera,Meloidae,Meloe,Meloe violaceus,,2,
Mentha arvensis|NBNSYS0000004195|Corn Mint|Plantae|Lamiaceae,Mentha arvensis,L.,,SPECIES,Plantae,Tracheophyta,Magnoliopsida,Lamiales,Lamiaceae,Mentha,Mentha arvensis,,2,
Milvus milvus|NHMSYS0000530482|Red Kite|Animalia|Accipitridae,Milvus milvus,"(Linnaeus, 1758)",,SPECIES,Animalia,Chordata,Aves,Accipitriformes,Accipitridae,Milvus,Milvus milvus,,3,
Muscicapa striata|NHMSYS0000530498|Spotted Flycatcher|Animalia|Muscicapidae,Muscicapa striata,"(Pallas, 1764)",,SPECIES,Animalia,Chordata,Aves,Passeriformes,Muscicapidae,Muscicapa,Muscicapa striata,,84,
Mustela putorius|NBNSYS0000005129|Polecat|Animalia|Mustelidae,Mustela putorius,"Linnaeus, 1758",,SPECIES,Animalia,Chordata,Mammalia,Carnivora,Mustelidae,Mustela,Mustela putorius,,1,
Myotis daubentonii|NHMSYS0000528028|Daubenton's Bat|Animalia|Vespertilionidae,Myotis daubentonii,"(Kuhl, 1817)",,SPECIES,Animalia,Chordata,Mammalia,Chiroptera,Vespertilionidae,Myotis,Myotis daubentonii,,8,
Myotis nattereri|NHMSYS0000080184|Natterer's Bat|Animalia|Vespertilionidae,Myotis nattereri,"(Kuhl, 1817)",,SPECIES,Animalia,Chordata,Mammalia,Chiroptera,Vespertilionidae,Myotis,Myotis nattereri,,11,
Nephroma laevigatum|NBNSYS0000019317||Fungi|Nephromataceae,Nephroma laevigatum,Ach.,,SPECIES,Fungi,Ascomycota,Lecanoromycetes,Peltigerales,Nephromataceae,Nephroma,Nephroma laevigatum,,3,
Numenius arquata|NBNSYS0000000032|Curlew|Animalia|Scolopacidae,Numenius arquata,"(Linnaeus, 1758)",,SPECIES,Animalia,Chordata,Aves,Charadriiformes,Scolopacidae,Numenius,Numenius arquata,,322,
Osmia bicornis|NHMSYS0000876509|Red Mason Bee|Animalia|Megachilidae,Osmia bicornis,"(Linnaeus, 1758)",,SPECIES,Animalia,Arthropoda,Insecta,Hymenoptera,Megachilidae,Osmia,Osmia bicornis,,1,
Palustriella commutata|NHMSYS0021593122|Curled Hook-moss|Plantae|Amblystegiaceae,Palustriella commutata,(Hedw.) Ochyra,s.l.,SPECIES_AGGREGATE,Plantae,Bryophyta,Bryopsida,Hypnales,Amblystegiaceae,Palustriella,,,4,
Passer domesticus|NHMSYS0000530537|House Sparrow|Animalia|Passeridae,Passer domesticus,"(Linnaeus, 1758)",,SPECIES,Animalia,Chordata,Aves,Passeriformes,Passeridae,Passer,Passer domesticus,,192,
Passer montanus|NHMSYS0000530539|Tree Sparrow|Animalia|Passeridae,Passer montanus,"(Linnaeus, 1758)",,SPECIES,Animalia,Chordata,Aves,Passeriformes,Passeridae,Passer,Passer montanus,,2,
Phylloscopus sibilatrix|NHMSYS0000530757|Wood Warbler|Animalia|Phylloscopidae,Phylloscopus sibilatrix,"(Bechstein, 1793)",,SPECIES,Animalia,Chordata,Aves,Passeriformes,Phylloscopidae,Phylloscopus,Phylloscopus sibilatrix,,9,
Pipistrellus pipistrellus|NHMSYS0020001355|Common Pipistrelle|Animalia|Vespertilionidae,Pipistrellus pipistrellus,"(Schreber, 1774)",sensu stricto,SPECIES,Animalia,Chordata,Mammalia,Chiroptera,Vespertilionidae,Pipistrellus,Pipistrellus pipistrellus,,2110,
Pipistrellus pygmaeus|NBNSYS0100004720|Soprano Pipistrelle|Animalia|Vespertilionidae,Pipistrellus pygmaeus,"(Leach, 1825)",,SPECIES,Animalia,Chordata,Mammalia,Chiroptera,Vespertilionidae,Pipistrellus,Pipistrellus pygmaeus,,217,
Plantago media|NBNSYS0000004274|Hoary Plantain|Plantae|Plantaginaceae,Plantago media,L.,,SPECIES,Plantae,Tracheophyta,Magnoliopsida,Lamiales,Plantaginaceae,Plantago,Plantago media,,1,
Plecotus auritus|NBNSYS0000005102|Brown Long-eared Bat|Animalia|Vespertilionidae,Plecotus auritus,"(Linnaeus, 1758)",,SPECIES,Animalia,Chordata,Mammalia,Chiroptera,Vespertilionidae,Plecotus,Plecotus auritus,,26,
Plectrophenax nivalis|NHMSYS0000530776|Snow Bunting|Animalia|Calcariidae,Plectrophenax nivalis,"(Linnaeus, 1758)",,SPECIES,Animalia,Chordata,Aves,Passeriformes,Calcariidae,Plectrophenax,Plectrophenax nivalis,,15,
Pluvialis apricaria|NBNSYS0000000029|Golden Plover|Animalia|Charadriidae,Pluvialis apricaria,"(Linnaeus, 1758)",,SPECIES,Animalia,Chordata,Aves,Charadriiformes,Charadriidae,Pluvialis,Pluvialis apricaria,,68,
Podiceps auritus|NBNSYS0000000224|Slavonian Grebe|Animalia|Podicipedidae,Podiceps auritus,"(Linnaeus, 1758)",,SPECIES,Animalia,Chordata,Aves,Podicipediformes,Podicipedidae,Podiceps,Podiceps auritus,,1,
Poecile montanus|NHMSYS0001688302|Willow Tit|Animalia|Paridae,Poecile montanus,"(Conrad von Baldenstein, 1827)",,SPECIES,Animalia,Chordata,Aves,Passeriformes,Paridae,Poecile,Poecile montanus,,1,
Poophagus sisymbrii|NHMSYS0020153183||Animalia|Curculionidae,Poophagus sisymbrii,"(Fabricius, 1777)",,SPECIES,Animalia,Arthropoda,Insecta,Coleoptera,Curculionidae,Poophagus,Poophagus sisymbrii,,1,
Pseudorchis albida|NHMSYS0000462098|Small-white Orchid|Plantae|Orchidaceae,Pseudorchis albida,(L.) Á. Löve & D. Löve,,SPECIES,Plantae,Tracheophyta,Magnoliopsida,Asparagales,Orchidaceae,Pseudorchis,Pseudorchis albida,,2,
Puffinus puffinus|NBNSYS0000000014|Manx Shearwater|Animalia|Procellariidae,Puffinus puffinus,"(Brünnich, 1764)",,SPECIES,Animalia,Chordata,Aves,Procellariiformes,Procellariidae,Puffinus,Puffinus puffinus,,36,
Pyrrhocorax pyrrhocorax|NHMSYS0000530800|Chough|Animalia|Corvidae,Pyrrhocorax pyrrhocorax,"(Linnaeus, 1758)",,SPECIES,Animalia,Chordata,Aves,Passeriformes,Corvidae,Pyrrhocorax,Pyrrhocorax pyrrhocorax,,4,
Pyrrhula pyrrhula|NHMSYS0000530802|Bullfinch|Animalia|Fringillidae,Pyrrhula pyrrhula,"(Linnaeus, 1758)",,SPECIES,Animalia,Chordata,Aves,Passeriformes,Fringillidae,Pyrrhula,Pyrrhula pyrrhula,,44,
Rheumaptera hastata|NBNSYS0000005867|Argent & Sable|Animalia|Geometridae,Rheumaptera hastata,"(Linnaeus, 1758)",,SPECIES,Animalia,Arthropoda,Insecta,Lepidoptera,Geometridae,Rheumaptera,Rheumaptera hastata,,3,
Salmo salar|NBNSYS0000188606|Atlantic Salmon|Animalia|Salmonidae,Salmo salar,"Linnaeus, 1758",,SPECIES,Animalia,Chordata,Actinopterygii,Salmoniformes,Salmonidae,Salmo,Salmo salar,,9,
Salmo trutta|NBNSYS0000188607|Brown/Sea Trout|Animalia|Salmonidae,Salmo trutta,"Linnaeus, 1758",,SPECIES,Animalia,Chordata,Actinopterygii,Salmoniformes,Salmonidae,Salmo,Salmo trutta,,19,
Sciurus vulgaris|NBNSYS0000005108|Red Squirrel|Animalia|Sciuridae,Sciurus vulgaris,"Linnaeus, 1758",,SPECIES,Animalia,Chordata,Mammalia,Rodentia,Sciuridae,Sciurus,Sciurus vulgaris,,134,
Scleranthus annuus|NBNSYS0000004587|Annual Knawel|Plantae|Caryophyllaceae,Scleranthus annuus,L.,,SPECIES,Plantae,Tracheophyta,Magnoliopsida,Caryophyllales,Caryophyllaceae,Scleranthus,Scleranthus annuus,,2,
Scoliciosporum umbrinum|BMSSYS0000016782||Fungi|Scoliciosporaceae,Scoliciosporum umbrinum,(Ach.) Arnold,,SPECIES,Fungi,Ascomycota,Lecanoromycetes,Lecanorales,Scoliciosporaceae,Scoliciosporum,Scoliciosporum umbrinum,,5,
Scolopax rusticola|NBNSYS0000000031|Woodcock|Animalia|Scolopacidae,Scolopax rusticola,"Linnaeus, 1758",,SPECIES,Animalia,Chordata,Aves,Charadriiformes,Scolopacidae,Scolopax,Scolopax rusticola,,34,
Sherardia arvensis|NBNSYS0000004300|Field Madder|Plantae|Rubiaceae,Sherardia arvensis,L.,,SPECIES,Plantae,Tracheophyta,Magnoliopsida,Gentianales,Rubiaceae,Sherardia,Sherardia arvensis,,1,
Sinapis arvensis|NBNSYS0000002808|Charlock|Plantae|Brassicaceae,Sinapis arvensis,L.,,SPECIES,Plantae,Tracheophyta,Magnoliopsida,Brassicales,Brassicaceae,Sinapis,Sinapis arvensis,,1,
Sorbus arranensis|NHMSYS0000463796|Arran Whitebeam|Plantae|Rosaceae,Sorbus arranensis,Hedl.,,SPECIES,Plantae,Tracheophyta,Magnoliopsida,Rosales,Rosaceae,Sorbus,Sorbus arranensis,,880,
Sorbus pseudofennica|NHMSYS0000463814|Arran Service-tree|Plantae|Rosaceae,Sorbus pseudofennica,E.F. Warb.,,SPECIES,Plantae,Tracheophyta,Magnoliopsida,Rosales,Rosaceae,Sorbus,Sorbus pseudofennica,,716,
Spilosoma lubricipeda|NBNSYS0000006146|White Ermine|Animalia|Erebidae,Spilosoma lubricipeda,"(Linnaeus, 1758)",,SPECIES,Animalia,Arthropoda,Insecta,Lepidoptera,Erebidae,Spilosoma,Spilosoma lubricipeda,,2,
Spilosoma lutea|NHMSYS0021144388|Buff Ermine|Animalia|Erebidae,Spilosoma lutea,"(Hufnagel, 1766)",,SPECIES,Animalia,Arthropoda,Insecta,Lepidoptera,Erebidae,Spilosoma,Spilosoma lutea,,4,
Spinus spinus|NHMSYS0021004277|Siskin|Animalia|Fringillidae,Spinus spinus,"(Linnaeus, 1758)",,SPECIES,Animalia,Chordata,Aves,Passeriformes,Fringillidae,Spinus,Spinus spinus,,130,
Stercorarius parasiticus|NBNSYS0000000341|Arctic Skua|Animalia|Stercorariidae,Stercorarius parasiticus,"(Linnaeus, 1758)",,SPECIES,Animalia,Chordata,Aves,Charadriiformes,Stercorariidae,Stercorarius,Stercorarius parasiticus,,1,
Sterna hirundo|NBNSYS0000000138|Common Tern|Animalia|Laridae,Sterna hirundo,"Linnaeus, 1758",,SPECIES,Animalia,Chordata,Aves,Charadriiformes,Laridae,Sterna,Sterna hirundo,,3,
Sterna paradisaea|NBNSYS0000000365|Arctic Tern|Animalia|Laridae,Sterna paradisaea,"Pontoppidan, 1763",,SPECIES,Animalia,Chordata,Aves,Charadriiformes,Laridae,Sterna,Sterna paradisaea,,4,
Sticta canariensis|NBNSYS0000019361||Fungi|Lobariaceae,Sticta canariensis,(Bory) Bory ex Delise,,SPECIES,Fungi,Ascomycota,Lecanoromycetes,Peltigerales,Lobariaceae,Sticta,Sticta canariensis,,5,
Sticta limbata|NBNSYS0000019363||Fungi|Lobariaceae,Sticta limbata,(Sm.) Ach.,,SPECIES,Fungi,Ascomycota,Lecanoromycetes,Peltigerales,Lobariaceae,Sticta,Sticta limbata,,2,
Sticta sylvatica|NBNSYS0000019364||Fungi|Lobariaceae,Sticta sylvatica,(Huds.) Ach.,,SPECIES,Fungi,Ascomycota,Lecanoromycetes,Peltigerales,Lobariaceae,Sticta,Sticta sylvatica,,3,
Stilbia anomala|NBNSYS0000006500|Anomalous|Animalia|Noctuidae,Stilbia anomala,"(Haworth, 1812)",,SPECIES,Animalia,Arthropoda,Insecta,Lepidoptera,Noctuidae,Stilbia,Stilbia anomala,,5,
Thalasseus sandvicensis|NHMSYS0021274181|Sandwich Tern|Animalia|Laridae,Thalasseus sandvicensis,"(Latham, 1787)",,SPECIES,Animalia,Chordata,Aves,Charadriiformes,Laridae,Thalasseus,Thalasseus sandvicensis,,12,
Thalloidima sedifolium|BMSSYS0000731217||Fungi|Ramalinaceae,Thalloidima sedifolium,"(Scop.) Kistenich, Timdal, Bendiksby & S. Ekman",,SPECIES,Fungi,Ascomycota,Lecanoromycetes,Lecanorales,Ramalinaceae,Thalloidima,Thalloidima sedifolium,,3,
Tipula limbata|NBNSYS0000007993||Animalia|Tipulidae,Tipula limbata,"Zetterstedt, [1838]",,SPECIES,Animalia,Arthropoda,Insecta,Diptera,Tipulidae,Tipula,Tipula limbata,,1,
Tipula melanoceros|NBNSYS0000008031||Animalia|Tipulidae,Tipula melanoceros,"Schummel, 1833",,SPECIES,Animalia,Arthropoda,Insecta,Diptera,Tipulidae,Tipula,Tipula melanoceros,,1,
Trichomanes speciosum|NBNSYS0000002028|Killarney Fern|Plantae|Hymenophyllaceae,Trichomanes speciosum,Willd.,,SPECIES,Plantae,Pteridophyta,Polypodiopsida,Hymenophyllales,Hymenophyllaceae,Trichomanes,Trichomanes speciosum,,29,
Triturus cristatus|NHMSYS0000080156|Great Crested Newt|Animalia|Salamandridae,Triturus cristatus,"(Laurenti, 1768)",,SPECIES,Animalia,Chordata,Amphibia,Caudata,Salamandridae,Triturus,Triturus cristatus,,1,
Turdus iliacus|NHMSYS0000530673|Redwing|Animalia|Turdidae,Turdus iliacus,"Linnaeus, 1758",,SPECIES,Animalia,Chordata,Aves,Passeriformes,Turdidae,Turdus,Turdus iliacus,,32,
Turdus philomelos|NHMSYS0000530678|Song Thrush|Animalia|Turdidae,Turdus philomelos,"Brehm, CL, 1831",,SPECIES,Animalia,Chordata,Aves,Passeriformes,Turdidae,Turdus,Turdus philomelos,,248,
Turdus torquatus|NHMSYS0000530681|Ring Ouzel|Animalia|Turdidae,Turdus torquatus,"Linnaeus, 1758",,SPECIES,Animalia,Chordata,Aves,Passeriformes,Turdidae,Turdus,Turdus torquatus,,29,
Tyria jacobaeae|NBNSYS0000006155|Cinnabar|Animalia|Erebidae,Tyria jacobaeae,"(Linnaeus, 1758)",,SPECIES,Animalia,Arthropoda,Insecta,Lepidoptera,Erebidae,Tyria,Tyria jacobaeae,,8,
Tyto alba|NHMSYS0000530685|Barn Owl|Animalia|Tytonidae,Tyto alba,"(Scopoli, 1769)",,SPECIES,Animalia,Chordata,Aves,Strigiformes,Tytonidae,Tyto,Tyto alba,,44,
Vanellus vanellus|NBNSYS0000000027|Lapwing|Animalia|Charadriidae,Vanellus vanellus,"(Linnaeus, 1758)",,SPECIES,Animalia,Chordata,Aves,Charadriiformes,Charadriidae,Vanellus,Vanellus vanellus,,10,
Vipera berus|NBNSYS0000005075|Adder|Animalia|Viperidae,Vipera berus,"(Linnaeus, 1758)",,SPECIES,Animalia,Chordata,Reptilia,Squamata,Viperidae,Vipera,Vipera berus,,31,
Xestia agathina|NBNSYS0000006226|Heath Rustic|Animalia|Noctuidae,Xestia agathina,"(Duponchel, 1827)",,SPECIES,Animalia,Arthropoda,Insecta,Lepidoptera,Noctuidae,Xestia,Xestia agathina,,1,
Xestia castanea|NHMSYS0000504669|Neglected Rustic|Animalia|Noctuidae,Xestia castanea,"(Esper, 1798)",,SPECIES,Animalia,Arthropoda,Insecta,Lepidoptera,Noctuidae,Xestia,Xestia castanea,,4,
Zootoca vivipara|NHMSYS0001706186|Common Lizard|Animalia|Lacertidae,Zootoca vivipara,"(Jacquin, 1787)",,SPECIES,Animalia,Chordata,Reptilia,Squamata,Lacertidae,Zootoca,Zootoca vivipara,,16,